PRACTICE_ID,STATE,NUM_EPS_VM,GPRO,ELIG_UP_ADJUST,CATEGORY,VM_PAYMENT_ADJ,UPDATED_VM,COST_COMP_TIER_TEXT,QUAL_COMP_TIER_TEXT,ZB_COST_CMPSCR_POOL_RND,ZB_QUAL_CMPSCR_POOL_RND
10003426122,MO,100+ EPs,1,Not Eligible,CAT1,0.0,.,N/A,N/A,-0.01,-0.05
10019661417,NC,100+ EPs,1,Not Eligible,CAT1,0.0,.,N/A,N/A,-0.05,-1.04
10048140570,PA,100+ EPs,0,Not Eligible,CAT1,0.0,.,N/A,N/A,.,.
10052842075,AR,100+ EPs,0,N/A,CAT2,-1.0%,.,N/A,N/A,1.57,.
10069351870,FL,100+ EPs,0,Not Eligible,CAT1,0.0,.,N/A,N/A,1.17,-0.96
10077431929,MI,100+ EPs,1,Not Eligible,CAT1,0.0,.,N/A,N/A,-0.26,0.15
10084288435,CA,100+ EPs,0,Not Eligible,CAT1,0.0,.,N/A,N/A,-0.59,-0.47
10100889523,TX,100+ EPs,0,N/A,CAT2,-1.0%,.,N/A,N/A,.,.
10102858206,MA,100+ EPs,0,N/A,CAT2,-1.0%,.,N/A,N/A,-0.19,.
10116668889,NV,100+ EPs,0,N/A,CAT2,-1.0%,.,N/A,N/A,-0.19,.
10130134773,OH,100+ EPs,0,N/A,CAT2,-1.0%,.,N/A,N/A,-0.87,.
10130308248,PA,100+ EPs,0,N/A,CAT2,-1.0%,.,N/A,N/A,-1.53,.
10130875414,WI,100+ EPs,0,N/A,CAT2,-1.0%,.,N/A,N/A,-0.01,.
10134368381,GA,100+ EPs,0,Not Eligible,CAT1,0.0,.,N/A,N/A,-0.26,0.14
10138759611,FL,100+ EPs,0,Not Eligible,CAT1,0.0,.,N/A,N/A,.,.
10140945591,MN,100+ EPs,0,Not Eligible,CAT1,0.0,.,N/A,N/A,-0.31,0.61
10148393307,MO,100+ EPs,0,N/A,CAT2,-1.0%,.,N/A,N/A,-0.01,.
10151765966,OH,100+ EPs,0,Not Eligible,CAT1,0.0,.,N/A,N/A,-0.12,0.14
10153996002,MN,100+ EPs,0,Not Eligible,CAT1,0.0,.,N/A,N/A,-2.17,-0.96
10155803394,OR,100+ EPs,0,N/A,CAT2,-1.0%,.,N/A,N/A,-0.55,.
10159399722,TX,100+ EPs,0,Not Eligible,CAT1,0.0,.,N/A,N/A,1.28,-1.05
10159594648,PA,100+ EPs,0,N/A,CAT2,-1.0%,.,N/A,N/A,-0.31,.
10172159293,TX,100+ EPs,0,Not Eligible,CAT1,0.0,.,N/A,N/A,-0.16,-0.17
10174836051,PA,100+ EPs,0,Not Eligible,CAT1,0.0,.,N/A,N/A,0.37,-0.99
10191813207,DE,100+ EPs,0,N/A,CAT2,-1.0%,.,N/A,N/A,-0.49,.
10194123353,PA,100+ EPs,0,Not Eligible,CAT1,0.0,.,N/A,N/A,0.03,0.79
10196125093,GA,100+ EPs,1,Not Eligible,CAT1,0.0,.,N/A,N/A,-0.01,0.79
10203245248,NC,100+ EPs,1,Not Eligible,CAT1,0.0,.,N/A,N/A,-0.03,-0.14
10231447979,CA,100+ EPs,0,N/A,CAT2,-1.0%,.,N/A,N/A,-1.26,.
10264043618,PA,100+ EPs,0,N/A,CAT2,-1.0%,.,N/A,N/A,-0.21,.
10265321157,MA,100+ EPs,0,N/A,CAT2,-1.0%,.,N/A,N/A,1.95,.
10268230658,MI,100+ EPs,0,Not Eligible,CAT1,0.0,.,N/A,N/A,.,.
10270292126,LA,100+ EPs,0,Not Eligible,CAT1,0.0,.,N/A,N/A,0.32,-0.65
10274467988,PA,100+ EPs,0,Not Eligible,CAT1,0.0,.,N/A,N/A,-0.17,-1.88
10287969737,NY,100+ EPs,0,Not Eligible,CAT1,0.0,.,Average,Average,-0.02,-0.71
10291652140,MN,100+ EPs,1,Not Eligible,CAT1,0.0,.,N/A,N/A,-0.43,.
10329004825,NY,100+ EPs,0,N/A,CAT2,-1.0%,.,N/A,N/A,-0.11,.
10329994283,MN,100+ EPs,0,Not Eligible,CAT1,0.0,.,N/A,N/A,-1.35,0.08
10363941829,UT,100+ EPs,0,Not Eligible,CAT1,0.0,.,N/A,N/A,.,.
10395429039,OH,100+ EPs,0,Not Eligible,CAT1,0.0,.,N/A,N/A,.,.
10397025389,MN,100+ EPs,1,Not Eligible,CAT1,0.0,.,N/A,N/A,-0.23,-0.22
10403614345,IN,100+ EPs,0,Not Eligible,CAT1,0.0,.,N/A,N/A,-0.23,0.51
10412799342,FL,100+ EPs,0,Not Eligible,CAT1,0.0,.,N/A,N/A,0.18,1.17
10414057400,NC,100+ EPs,0,Not Eligible,CAT1,0.0,.,N/A,N/A,.,.
10418583821,MA,100+ EPs,0,Not Eligible,CAT1,0.0,.,N/A,N/A,-0.42,0.21
10422263474,MN,100+ EPs,0,Not Eligible,CAT1,0.0,.,N/A,N/A,.,.
10423942735,AZ,100+ EPs,0,Not Eligible,CAT1,0.0,.,Average,Average,-0.26,0.68
10441489823,MN,100+ EPs,1,Not Eligible,CAT1,0.0,.,N/A,N/A,-0.07,.
10452849134,MN,100+ EPs,1,Not Eligible,CAT1,0.0,.,N/A,N/A,-0.29,0.30
10453815046,NY,100+ EPs,0,N/A,CAT2,-1.0%,.,N/A,N/A,0.71,.
10457914782,NY,100+ EPs,0,N/A,CAT2,-1.0%,.,N/A,N/A,-0.35,.
10472163116,MN,100+ EPs,1,Not Eligible,CAT1,0.0,.,N/A,N/A,-0.27,0.79
10513593588,WA,100+ EPs,0,Not Eligible,CAT1,0.0,.,N/A,N/A,0.07,0.15
10519471104,KS,100+ EPs,0,Not Eligible,CAT1,0.0,.,N/A,N/A,0.16,0.44
10526080383,MD,100+ EPs,0,N/A,CAT2,-1.0%,.,N/A,N/A,0.31,.
10535517971,MI,100+ EPs,0,N/A,CAT2,-1.0%,.,N/A,N/A,-0.21,.
10560832532,CA,100+ EPs,1,Not Eligible,CAT1,1.0xAF,.,Average,High,-0.55,2.16
10561052848,TX,100+ EPs,1,Not Eligible,CAT1,0.0,.,N/A,N/A,0.06,0.84
10562321309,NC,100+ EPs,0,N/A,CAT2,-1.0%,.,N/A,N/A,-0.44,.
10564819468,CA,100+ EPs,1,Not Eligible,CAT1,0.0,.,N/A,N/A,.,-0.27
10606987416,NC,100+ EPs,0,Not Eligible,CAT1,0.0,.,N/A,N/A,.,.
10607861237,KY,100+ EPs,1,Not Eligible,CAT1,0.0,.,N/A,N/A,-0.17,-0.60
10610579332,CA,100+ EPs,1,Not Eligible,CAT1,0.0,.,Average,Average,-0.41,-0.14
10618490708,TX,100+ EPs,0,Not Eligible,CAT1,0.0,.,N/A,N/A,-0.32,-1.35
10624017464,CA,100+ EPs,0,N/A,CAT2,-1.0%,.,N/A,N/A,-0.26,.
10629634955,ND,100+ EPs,0,Not Eligible,CAT1,0.0,.,N/A,N/A,-0.28,1.06
10642124543,CA,100+ EPs,0,N/A,CAT2,-1.0%,.,N/A,N/A,-0.59,.
10648101876,TX,100+ EPs,0,Not Eligible,CAT1,0.0,.,N/A,N/A,.,.
10650548530,OH,100+ EPs,0,Not Eligible,CAT1,0.0,.,N/A,N/A,0.85,-1.71
10667782352,CO,100+ EPs,0,Not Eligible,CAT1,0.0,.,N/A,N/A,.,.
10679774732,LA,100+ EPs,0,N/A,CAT2,-1.0%,.,N/A,N/A,-0.53,.
10710803133,TN,100+ EPs,0,Not Eligible,CAT1,0.0,.,N/A,N/A,-0.34,0.61
10713645125,MI,100+ EPs,0,Not Eligible,CAT1,0.0,.,N/A,N/A,0.38,-0.27
10720343495,ND,100+ EPs,0,Not Eligible,CAT1,0.0,.,N/A,N/A,0.31,0.14
10756235584,MD,100+ EPs,0,N/A,CAT2,-1.0%,.,N/A,N/A,-0.79,.
10768716608,IL,100+ EPs,0,N/A,CAT2,-1.0%,.,N/A,N/A,-0.79,.
10770212566,NJ,100+ EPs,0,Not Eligible,CAT1,0.0,.,N/A,N/A,-0.32,-1.00
10776319066,MN,100+ EPs,0,Not Eligible,CAT1,0.0,.,N/A,N/A,0.11,0.29
10785610662,NJ,100+ EPs,0,Not Eligible,CAT1,0.0,.,N/A,N/A,-0.32,0.28
10790485908,VA,100+ EPs,0,Not Eligible,CAT1,0.0,.,N/A,N/A,-0.36,-0.33
10792822941,CA,100+ EPs,0,N/A,CAT2,-1.0%,.,N/A,N/A,-1.28,.
10816852942,NY,100+ EPs,0,N/A,CAT2,-1.0%,.,N/A,N/A,-0.41,.
10818610695,TX,100+ EPs,0,N/A,CAT2,-1.0%,.,N/A,N/A,.,.
10825684141,FL,100+ EPs,0,Not Eligible,CAT1,0.0,.,N/A,N/A,.,.
10827331522,ME,100+ EPs,0,Not Eligible,CAT1,0.0,.,N/A,N/A,.,.
10841620239,KY,100+ EPs,0,Not Eligible,CAT1,0.0,.,N/A,N/A,-0.05,0.43
10847045554,NY,100+ EPs,0,N/A,CAT2,-1.0%,.,N/A,N/A,.,.
10867441302,AZ,100+ EPs,1,Not Eligible,CAT1,0.0,.,N/A,N/A,-0.23,0.77
10901259734,PA,100+ EPs,0,N/A,CAT2,-1.0%,.,N/A,N/A,.,.
10903385368,FL,100+ EPs,0,Not Eligible,CAT1,0.0,.,N/A,N/A,2.94,-2.55
10913689237,MA,100+ EPs,0,N/A,CAT2,-1.0%,.,N/A,N/A,-1.55,.
10927196693,MT,100+ EPs,0,Not Eligible,CAT1,0.0,.,N/A,N/A,-0.07,0.58
10952017515,MI,100+ EPs,0,Not Eligible,CAT1,0.0,.,N/A,N/A,-0.17,0.21
10955457371,OH,100+ EPs,0,Not Eligible,CAT1,0.0,.,N/A,N/A,2.97,-2.05
10970745082,TX,100+ EPs,1,Not Eligible,CAT1,0.0,.,N/A,N/A,0.34,-4.86
10987931611,MI,100+ EPs,0,Not Eligible,CAT1,0.0,.,N/A,N/A,.,.
11014629954,NY,100+ EPs,0,Not Eligible,CAT1,0.0,.,N/A,N/A,.,.
11048464056,IN,100+ EPs,0,N/A,CAT2,-1.0%,.,N/A,N/A,-0.97,.
11072390913,TN,100+ EPs,0,Not Eligible,CAT1,0.0,.,N/A,N/A,-0.15,-0.49
11077645512,NC,100+ EPs,0,Not Eligible,CAT1,0.0,.,Average,Average,-0.11,0.10
11088226936,IN,100+ EPs,0,Not Eligible,CAT1,0.0,.,N/A,N/A,-0.04,0.63
11101237114,NY,100+ EPs,0,N/A,CAT2,-1.0%,.,N/A,N/A,-0.25,.
11106767515,FL,100+ EPs,0,Not Eligible,CAT1,0.0,.,N/A,N/A,.,.
11135458926,NY,100+ EPs,0,N/A,CAT2,-1.0%,.,N/A,N/A,-0.45,.
11142567594,PA,100+ EPs,1,Not Eligible,CAT1,0.0,.,N/A,N/A,-0.08,0.88
11145552756,SC,100+ EPs,0,N/A,CAT2,-1.0%,.,N/A,N/A,-0.56,.
11160349809,TX,100+ EPs,0,N/A,CAT2,-1.0%,.,N/A,N/A,-0.69,.
11174983869,KS,100+ EPs,0,Not Eligible,CAT1,0.0,.,N/A,N/A,0.30,-0.60
11176155988,CT,100+ EPs,1,Not Eligible,CAT1,0.0,.,N/A,N/A,-0.44,0.50
11178174522,FL,100+ EPs,0,N/A,CAT2,-1.0%,.,N/A,N/A,-0.27,.
11180657905,WA,100+ EPs,0,Not Eligible,CAT1,0.0,.,N/A,N/A,.,.
11193111600,NY,100+ EPs,0,Not Eligible,CAT1,0.0,.,N/A,N/A,-0.14,-0.95
11221390830,WA,100+ EPs,0,Not Eligible,CAT1,0.0,.,N/A,N/A,-0.42,0.96
11222835447,AZ,100+ EPs,0,Not Eligible,CAT1,0.0,.,N/A,N/A,0.03,-0.25
11223794856,OH,100+ EPs,0,N/A,CAT2,-1.0%,.,N/A,N/A,-0.32,.
11243266536,MO,100+ EPs,0,N/A,CAT2,-1.0%,.,N/A,N/A,.,.
11257811189,MI,100+ EPs,0,N/A,CAT2,-1.0%,.,N/A,N/A,-0.27,.
11262405243,PA,100+ EPs,0,Not Eligible,CAT1,0.0,.,N/A,N/A,-0.76,-0.23
11297241350,OH,100+ EPs,0,N/A,CAT2,-1.0%,.,N/A,N/A,-0.09,.
11308388894,PA,100+ EPs,1,Not Eligible,CAT1,0.0,.,N/A,N/A,-0.02,-0.99
11321844273,CA,100+ EPs,0,N/A,CAT2,-1.0%,.,N/A,N/A,.,.
11331064215,OK,100+ EPs,0,Not Eligible,CAT1,0.0,.,N/A,N/A,-0.38,-2.82
11344828601,OH,100+ EPs,0,Not Eligible,CAT1,0.0,.,N/A,N/A,0.24,0.00
11350018247,IL,100+ EPs,0,Not Eligible,CAT1,1.0xAF,.,Low,Average,-1.13,-0.62
11351140743,TN,100+ EPs,1,Not Eligible,CAT1,0.0,.,N/A,N/A,2.07,-0.29
11358001146,CA,100+ EPs,0,N/A,CAT2,-1.0%,.,N/A,N/A,.,.
11392217160,NC,100+ EPs,0,Not Eligible,CAT1,0.0,.,N/A,N/A,-0.02,0.13
11397916638,MO,100+ EPs,0,Not Eligible,CAT1,0.0,.,N/A,N/A,-0.67,1.37
11399045536,NY,100+ EPs,0,Not Eligible,CAT1,1.0xAF,.,Average,High,-0.64,1.02
11428900033,NM,100+ EPs,1,Not Eligible,CAT1,1.0xAF,.,Average,High,-0.38,1.44
11434729458,CT,100+ EPs,1,Not Eligible,CAT1,0.0,.,N/A,N/A,-0.16,-0.55
11434981218,TX,100+ EPs,0,N/A,CAT2,-1.0%,.,N/A,N/A,-0.43,.
11445022922,PA,100+ EPs,0,Not Eligible,CAT1,0.0,.,N/A,N/A,.,.
11449274812,NC,100+ EPs,0,Not Eligible,CAT1,0.0,.,Average,Average,-0.14,0.37
11451485758,NY,100+ EPs,0,N/A,CAT2,-1.0%,.,N/A,N/A,-0.59,.
11461437948,AZ,100+ EPs,1,Not Eligible,CAT1,0.0,.,Average,Average,-0.11,0.84
11490996417,NY,100+ EPs,0,Not Eligible,CAT1,0.0,.,Average,Average,0.00,0.53
11501466225,IL,100+ EPs,1,Not Eligible,CAT1,0.0,.,N/A,N/A,-0.04,0.16
11535748672,MI,100+ EPs,0,Not Eligible,CAT1,0.0,.,N/A,N/A,0.13,-0.48
11551265754,FL,100+ EPs,0,Not Eligible,CAT1,0.0,.,N/A,N/A,.,.
11561705501,GA,100+ EPs,0,Not Eligible,CAT1,0.0,.,N/A,N/A,.,.
11562055536,MI,100+ EPs,0,Not Eligible,CAT1,0.0,.,N/A,N/A,.,.
11577686370,AZ,100+ EPs,0,N/A,CAT2,-1.0%,.,N/A,N/A,-0.30,.
11579540552,CA,100+ EPs,0,Not Eligible,CAT1,0.0,.,N/A,N/A,.,.
11588421408,OR,100+ EPs,0,Not Eligible,CAT1,0.0,.,Average,Average,-0.42,0.54
11598780570,GA,100+ EPs,0,N/A,CAT2,-1.0%,.,N/A,N/A,10.39,.
11605320741,SD,100+ EPs,0,Not Eligible,CAT1,0.0,.,N/A,N/A,0.10,-1.08
11606671005,IN,100+ EPs,0,N/A,CAT2,-1.0%,.,N/A,N/A,0.18,.
11620596142,FL,100+ EPs,0,Not Eligible,CAT1,0.0,.,N/A,N/A,0.05,0.12
11624082199,CT,100+ EPs,0,N/A,CAT2,-1.0%,.,N/A,N/A,-0.29,.
11632046723,IL,100+ EPs,0,N/A,CAT2,-1.0%,.,N/A,N/A,.,.
11640819379,MD,100+ EPs,0,N/A,CAT2,-1.0%,.,N/A,N/A,4.20,.
11659460841,PA,100+ EPs,0,Not Eligible,CAT1,0.0,.,N/A,N/A,0.36,-0.19
11660295292,FL,100+ EPs,0,Not Eligible,CAT1,0.0,.,N/A,N/A,-0.65,0.69
11660626885,WV,100+ EPs,0,Not Eligible,CAT1,0.0,.,N/A,N/A,0.13,-1.27
11666234343,PA,100+ EPs,1,Not Eligible,CAT1,0.0,.,N/A,N/A,-0.05,-0.70
11682065321,MI,100+ EPs,1,Not Eligible,CAT1,0.0,.,N/A,N/A,0.01,0.16
11684543963,OH,100+ EPs,0,Not Eligible,CAT1,0.0,.,N/A,N/A,.,.
11688156987,CA,100+ EPs,0,N/A,CAT2,-1.0%,.,N/A,N/A,-1.33,.
11693214327,NY,100+ EPs,0,Not Eligible,CAT1,0.0,.,N/A,N/A,.,.
11694570796,NY,100+ EPs,0,Not Eligible,CAT1,0.0,.,N/A,N/A,-0.91,1.07
11699443213,NE,100+ EPs,1,Not Eligible,CAT1,0.0,.,N/A,N/A,0.15,0.70
11734168372,WA,100+ EPs,1,Not Eligible,CAT1,0.0,.,Average,Average,-0.34,0.16
11739941384,CO,100+ EPs,0,Not Eligible,CAT1,0.0,.,N/A,N/A,-0.39,0.21
11761369736,PA,100+ EPs,0,Not Eligible,CAT1,0.0,.,N/A,N/A,-0.72,-0.44
11762547130,FL,100+ EPs,0,N/A,CAT2,-1.0%,.,N/A,N/A,0.25,.
11763652191,PA,100+ EPs,1,Not Eligible,CAT1,0.0,.,N/A,N/A,0.14,-0.39
11772520652,NC,100+ EPs,0,Not Eligible,CAT1,0.0,.,N/A,N/A,-0.35,-0.53
11780953743,WA,100+ EPs,0,N/A,CAT2,-1.0%,.,N/A,N/A,-0.06,.
11789338482,TX,100+ EPs,0,Not Eligible,CAT1,0.0,.,N/A,N/A,.,.
11796689171,AL,100+ EPs,0,Not Eligible,CAT1,0.0,.,Average,Average,-0.25,-0.69
11798640488,NC,100+ EPs,0,Not Eligible,CAT1,0.0,.,Average,Average,-0.02,-0.53
11802606229,MD,100+ EPs,1,Not Eligible,CAT1,0.0,.,Average,Average,-0.09,0.07
11804256717,GA,100+ EPs,0,N/A,CAT2,-1.0%,.,N/A,N/A,-1.11,.
11815242258,OK,100+ EPs,0,Not Eligible,CAT1,0.0,.,N/A,N/A,-0.41,-1.96
11827492158,IL,100+ EPs,0,N/A,CAT2,-1.0%,.,N/A,N/A,.,.
11845464353,FL,100+ EPs,0,Not Eligible,CAT1,0.0,.,N/A,N/A,-0.60,0.23
11882651325,OH,100+ EPs,0,Not Eligible,CAT1,0.0,.,N/A,N/A,-0.08,0.14
11888651434,MD,100+ EPs,0,Not Eligible,CAT1,0.0,.,N/A,N/A,0.08,-0.82
11888696533,VA,100+ EPs,0,N/A,CAT2,-1.0%,.,N/A,N/A,.,.
11903577836,NJ,100+ EPs,0,Not Eligible,CAT1,0.0,.,N/A,N/A,0.07,-0.03
11929845363,OK,100+ EPs,0,Not Eligible,CAT1,0.0,.,N/A,N/A,0.04,0.03
11935950127,OH,100+ EPs,1,Not Eligible,CAT1,0.0,.,Average,Average,-0.18,-0.21
11952835135,WA,100+ EPs,0,Not Eligible,CAT1,0.0,.,N/A,N/A,-0.12,0.39
11979921800,PA,100+ EPs,0,N/A,CAT2,-1.0%,.,N/A,N/A,.,.
11981516434,MA,100+ EPs,1,Not Eligible,CAT1,0.0,.,N/A,N/A,0.04,0.02
11991723529,CA,100+ EPs,0,N/A,CAT2,-1.0%,.,N/A,N/A,-1.15,.
12019411864,CA,100+ EPs,0,N/A,CAT2,-1.0%,.,N/A,N/A,-0.08,.
12020715841,MA,100+ EPs,0,N/A,CAT2,-1.0%,.,N/A,N/A,0.71,.
12026328373,TN,100+ EPs,0,Not Eligible,CAT1,0.0,.,N/A,N/A,.,.
12028143546,TN,100+ EPs,1,Not Eligible,CAT1,0.0,.,Average,Average,0.16,-0.47
12037798490,IL,100+ EPs,0,Not Eligible,CAT1,0.0,.,N/A,N/A,-0.01,0.05
12039081005,PA,100+ EPs,0,N/A,CAT2,-1.0%,.,N/A,N/A,.,.
12039523444,CA,100+ EPs,0,Not Eligible,CAT1,0.0,.,N/A,N/A,-0.62,0.67
12052759526,NY,100+ EPs,0,N/A,CAT2,-1.0%,.,N/A,N/A,-0.20,.
12053050017,NM,100+ EPs,0,Not Eligible,CAT1,0.0,.,Average,Average,-0.37,0.74
12055135377,TX,100+ EPs,1,Not Eligible,CAT1,0.0,.,N/A,N/A,5.70,-2.48
12057978944,OH,100+ EPs,0,N/A,CAT2,-1.0%,.,N/A,N/A,-1.30,.
12066421507,CA,100+ EPs,1,Not Eligible,CAT1,0.0,.,Average,Average,-0.32,0.66
12087204377,RI,100+ EPs,0,Not Eligible,CAT1,0.0,.,N/A,N/A,0.33,0.58
12091909848,WI,100+ EPs,0,N/A,CAT2,-1.0%,.,N/A,N/A,-0.39,.
12111394180,CT,100+ EPs,0,Not Eligible,CAT1,0.0,.,N/A,N/A,-0.37,0.46
12115664380,NC,100+ EPs,0,N/A,CAT2,-1.0%,.,N/A,N/A,.,.
12132965345,WA,100+ EPs,0,N/A,CAT2,-1.0%,.,N/A,N/A,-1.06,.
12133789242,FL,100+ EPs,0,Not Eligible,CAT1,0.0,.,N/A,N/A,.,.
12140594181,MN,100+ EPs,0,Not Eligible,CAT1,0.0,.,N/A,N/A,.,.
12145037935,ND,100+ EPs,0,Not Eligible,CAT1,0.0,.,N/A,N/A,-0.47,0.82
12164265611,IL,100+ EPs,0,N/A,CAT2,-1.0%,.,N/A,N/A,2.84,.
12167674341,CO,100+ EPs,1,Not Eligible,CAT1,0.0,.,N/A,N/A,1.94,-0.94
12177031250,DC,100+ EPs,1,Not Eligible,CAT1,0.0,.,N/A,N/A,0.01,-0.19
12186981335,PA,100+ EPs,0,Not Eligible,CAT1,0.0,.,N/A,N/A,.,.
12189672110,WI,100+ EPs,1,Not Eligible,CAT1,0.0,.,Average,Average,-0.55,0.73
12194815304,SC,100+ EPs,0,Not Eligible,CAT1,0.0,.,Average,Average,0.04,0.27
12209076216,TN,100+ EPs,0,Not Eligible,CAT1,0.0,.,N/A,N/A,-0.06,0.06
12219342084,OH,100+ EPs,0,N/A,CAT2,-1.0%,.,N/A,N/A,.,.
12229801144,MN,100+ EPs,0,N/A,CAT2,-1.0%,.,N/A,N/A,.,.
12234631954,WI,100+ EPs,0,N/A,CAT2,-1.0%,.,N/A,N/A,-0.21,.
12236791181,TN,100+ EPs,0,Not Eligible,CAT1,0.0,.,N/A,N/A,-0.16,-0.36
12245863835,OH,100+ EPs,0,Not Eligible,CAT1,0.0,.,N/A,N/A,.,.
12247960957,WV,100+ EPs,1,Not Eligible,CAT1,0.0,.,N/A,N/A,-0.27,-1.02
12262242188,NY,100+ EPs,1,Not Eligible,CAT1,0.0,.,N/A,N/A,-0.18,-0.36
12274701754,PA,100+ EPs,0,Not Eligible,CAT1,0.0,.,N/A,N/A,-0.36,0.74
12283976022,NC,100+ EPs,0,Not Eligible,CAT1,0.0,.,N/A,N/A,0.11,0.11
12294423459,CA,100+ EPs,1,Not Eligible,CAT1,1.0xAF,.,Average,High,-0.33,1.12
12294903368,NY,100+ EPs,1,Not Eligible,CAT1,0.0,.,Average,Average,-0.21,-0.07
12300083002,MI,100+ EPs,1,Not Eligible,CAT1,0.0,.,N/A,N/A,0.06,.
12313982956,VA,100+ EPs,1,Not Eligible,CAT1,0.0,.,N/A,N/A,-0.08,0.21
12328681087,PA,100+ EPs,0,Not Eligible,CAT1,0.0,.,N/A,N/A,0.28,-1.04
12336751190,SC,100+ EPs,0,N/A,CAT2,-1.0%,.,N/A,N/A,-0.20,.
12357050681,OH,100+ EPs,1,Not Eligible,CAT1,0.0,.,Average,Average,0.09,0.32
12358101679,VA,100+ EPs,0,Not Eligible,CAT1,0.0,.,N/A,N/A,.,.
12362744124,CT,100+ EPs,1,Not Eligible,CAT1,-0.5%,.,Average,Low,0.03,-6.15
12366688724,CA,100+ EPs,1,Not Eligible,CAT1,0.0,.,N/A,N/A,-0.15,0.51
12367196258,PA,100+ EPs,0,N/A,CAT2,-1.0%,.,N/A,N/A,-0.07,.
12372564937,MO,100+ EPs,0,Not Eligible,CAT1,0.0,.,Average,Average,-0.40,0.53
12379744742,NJ,100+ EPs,0,N/A,CAT2,-1.0%,.,N/A,N/A,.,.
12387662069,NM,100+ EPs,0,Not Eligible,CAT1,0.0,.,N/A,N/A,-0.61,-2.77
12395247850,WA,100+ EPs,0,Not Eligible,CAT1,0.0,.,N/A,N/A,.,1.22
12398480508,HI,100+ EPs,0,N/A,CAT2,-1.0%,.,N/A,N/A,0.23,.
12410369183,KY,100+ EPs,1,Not Eligible,CAT1,0.0,.,Average,Average,-0.21,0.56
12418326086,UT,100+ EPs,1,Not Eligible,CAT1,0.0,.,N/A,N/A,-0.19,.
12424288695,FL,100+ EPs,0,Not Eligible,CAT1,1.0xAF,.,Average,High,0.18,1.08
12449565900,OH,100+ EPs,0,Not Eligible,CAT1,0.0,.,N/A,N/A,.,.
12451114054,VA,100+ EPs,0,Not Eligible,CAT1,0.0,.,N/A,N/A,-0.02,0.20
12459584426,AZ,100+ EPs,0,N/A,CAT2,-1.0%,.,N/A,N/A,-0.65,.
12460098798,NC,100+ EPs,0,N/A,CAT2,-1.0%,.,N/A,N/A,4.40,.
12463706266,GA,100+ EPs,1,Not Eligible,CAT1,0.0,.,N/A,N/A,0.68,-0.95
12472258916,ND,100+ EPs,1,Not Eligible,CAT1,0.0,.,Average,Average,-0.18,0.77
12486757119,NY,100+ EPs,0,Not Eligible,CAT1,0.0,.,N/A,N/A,-0.44,-0.04
12500181438,UT,100+ EPs,1,Not Eligible,CAT1,0.0,.,N/A,N/A,0.07,-0.72
12508956245,NC,100+ EPs,0,Not Eligible,CAT1,-0.5%,.,Average,Low,0.26,-2.81
12509855463,FL,100+ EPs,1,Not Eligible,CAT1,0.0,.,N/A,N/A,-0.01,-0.12
12510154532,WV,100+ EPs,0,Not Eligible,CAT1,0.0,.,N/A,N/A,-0.03,-0.15
12516337536,CA,100+ EPs,0,N/A,CAT2,-1.0%,.,N/A,N/A,0.46,.
12517688796,TN,100+ EPs,0,N/A,CAT2,-1.0%,.,N/A,N/A,0.17,.
12523143576,PA,100+ EPs,0,N/A,CAT2,-1.0%,.,N/A,N/A,-0.42,.
12527550766,TX,100+ EPs,0,Not Eligible,CAT1,0.0,.,N/A,N/A,0.01,0.00
12528310914,TN,100+ EPs,0,Not Eligible,CAT1,0.0,.,N/A,N/A,-0.22,-0.40
12528704617,NY,100+ EPs,0,N/A,CAT2,-1.0%,.,N/A,N/A,0.35,.
12544175184,NC,100+ EPs,0,Not Eligible,CAT1,0.0,.,N/A,N/A,-0.21,1.00
12547736652,VA,100+ EPs,1,Not Eligible,CAT1,0.0,.,N/A,N/A,-0.11,0.72
12549623645,MN,100+ EPs,1,Not Eligible,CAT1,0.0,.,Average,Average,-0.30,0.51
12552227502,NC,100+ EPs,1,Not Eligible,CAT1,0.0,.,N/A,N/A,-1.11,-1.36
12552603211,MO,100+ EPs,1,Not Eligible,CAT1,0.0,.,N/A,N/A,0.24,0.64
12553279475,MA,100+ EPs,0,N/A,CAT2,-1.0%,.,N/A,N/A,.,.
12574458870,TX,100+ EPs,0,Not Eligible,CAT1,0.0,.,N/A,N/A,.,.
12578543397,NJ,100+ EPs,0,N/A,CAT2,-1.0%,.,N/A,N/A,.,.
12579307177,TN,100+ EPs,0,Not Eligible,CAT1,0.0,.,N/A,N/A,-0.35,-0.14
12597790836,WA,100+ EPs,0,Not Eligible,CAT1,0.0,.,N/A,N/A,-0.30,1.16
12598751227,MI,100+ EPs,0,N/A,CAT2,-1.0%,.,N/A,N/A,-0.22,.
12600787769,TN,100+ EPs,0,Not Eligible,CAT1,0.0,.,N/A,N/A,1.85,-1.71
12607489778,MA,100+ EPs,0,N/A,CAT2,-1.0%,.,N/A,N/A,-0.41,.
12637113759,PA,100+ EPs,1,Not Eligible,CAT1,0.0,.,N/A,N/A,0.06,0.22
12654254027,PA,100+ EPs,0,Not Eligible,CAT1,0.0,.,N/A,N/A,-0.11,0.89
12669304949,TX,100+ EPs,0,N/A,CAT2,-1.0%,.,N/A,N/A,0.00,.
12671883805,OR,100+ EPs,0,Not Eligible,CAT1,0.0,.,N/A,N/A,-0.88,0.15
12677837627,PA,100+ EPs,0,Not Eligible,CAT1,0.0,.,N/A,N/A,1.49,-2.33
12681095752,OR,100+ EPs,0,Not Eligible,CAT1,0.0,.,N/A,N/A,.,.
12691481563,CA,100+ EPs,0,Not Eligible,CAT1,0.0,.,N/A,N/A,.,.
12692918331,OH,100+ EPs,1,Not Eligible,CAT1,-0.5%,.,Average,Low,-0.15,-1.16
12702834213,DC,100+ EPs,0,Not Eligible,CAT1,0.0,.,N/A,N/A,-0.40,-0.84
12727774193,IN,100+ EPs,1,Not Eligible,CAT1,0.0,.,N/A,N/A,-0.01,.
12729462220,SD,100+ EPs,1,Not Eligible,CAT1,0.0,.,N/A,N/A,0.27,0.86
12748858964,NV,100+ EPs,0,N/A,CAT2,-1.0%,.,N/A,N/A,0.41,.
12758833671,CT,100+ EPs,1,Not Eligible,CAT1,0.0,.,N/A,N/A,0.77,-0.52
12774625863,IL,100+ EPs,1,Not Eligible,CAT1,0.0,.,N/A,N/A,0.13,0.62
12783972055,NM,100+ EPs,1,Not Eligible,CAT1,0.0,.,Average,Average,-0.47,0.90
12788488767,CO,100+ EPs,1,Not Eligible,CAT1,0.0,.,N/A,N/A,-0.07,0.90
12798311908,AZ,100+ EPs,0,Not Eligible,CAT1,0.0,.,N/A,N/A,.,.
12798961429,VA,100+ EPs,0,Not Eligible,CAT1,0.0,.,N/A,N/A,-0.15,0.79
12803676578,VA,100+ EPs,0,N/A,CAT2,-1.0%,.,N/A,N/A,-1.16,.
12804044662,WI,100+ EPs,1,Not Eligible,CAT1,0.0,.,Average,Average,-0.20,0.11
12817570211,IN,100+ EPs,1,Not Eligible,CAT1,0.0,.,N/A,N/A,-0.14,-0.45
12820871729,NC,100+ EPs,1,Not Eligible,CAT1,0.0,.,N/A,N/A,-0.20,0.48
12824844178,SD,100+ EPs,0,Not Eligible,CAT1,0.0,.,N/A,N/A,-0.10,0.01
12828512273,RI,100+ EPs,0,N/A,CAT2,-1.0%,.,N/A,N/A,-0.12,.
12831224385,MA,100+ EPs,0,Not Eligible,CAT1,0.0,.,N/A,N/A,0.06,0.62
12849610541,PA,100+ EPs,1,Not Eligible,CAT1,0.0,.,N/A,N/A,-0.30,-0.55
12859214873,OH,100+ EPs,1,Not Eligible,CAT1,0.0,.,N/A,N/A,-0.10,-0.35
12863680350,PA,100+ EPs,0,N/A,CAT2,-1.0%,.,N/A,N/A,-0.59,.
12868326560,IL,100+ EPs,0,N/A,CAT2,-1.0%,.,N/A,N/A,5.28,.
12881999328,NY,100+ EPs,1,Not Eligible,CAT1,0.0,.,N/A,N/A,-0.29,0.68
12886231588,WI,100+ EPs,0,Not Eligible,CAT1,0.0,.,N/A,N/A,-0.18,-0.37
12898108869,OH,100+ EPs,1,Not Eligible,CAT1,0.0,.,N/A,N/A,-0.16,-0.20
12906192478,MD,100+ EPs,1,Not Eligible,CAT1,0.0,.,N/A,N/A,-0.39,-0.93
12916792643,IL,100+ EPs,0,Not Eligible,CAT1,0.0,.,N/A,N/A,-0.06,0.25
12931817526,WI,100+ EPs,1,Not Eligible,CAT1,0.0,.,N/A,N/A,-0.36,-0.09
12933180358,FL,100+ EPs,1,Not Eligible,CAT1,0.0,.,N/A,N/A,0.15,0.81
12945192028,WI,100+ EPs,0,Not Eligible,CAT1,0.0,.,N/A,N/A,-0.26,0.59
12952985354,KY,100+ EPs,0,N/A,CAT2,-1.0%,.,N/A,N/A,5.47,.
12968147504,NC,100+ EPs,0,Not Eligible,CAT1,0.0,.,N/A,N/A,-0.81,-1.30
12979103110,IL,100+ EPs,1,Not Eligible,CAT1,0.0,.,N/A,N/A,-0.45,-0.54
12979570653,OH,100+ EPs,0,Not Eligible,CAT1,0.0,.,N/A,N/A,-0.26,-0.37
12993339543,CA,100+ EPs,0,N/A,CAT2,-1.0%,.,N/A,N/A,-0.87,.
13010482402,MO,100+ EPs,0,N/A,CAT2,-1.0%,.,N/A,N/A,-0.08,.
13019676765,WI,100+ EPs,0,N/A,CAT2,-1.0%,.,N/A,N/A,-0.53,.
13019994789,NH,100+ EPs,0,N/A,CAT2,-1.0%,.,N/A,N/A,-0.29,.
13051145182,TX,100+ EPs,0,Not Eligible,CAT1,0.0,.,N/A,N/A,0.21,0.50
13054518483,CA,100+ EPs,0,N/A,CAT2,-1.0%,.,N/A,N/A,-0.76,.
13060042558,SD,100+ EPs,0,Not Eligible,CAT1,0.0,.,N/A,N/A,0.09,0.98
13062134993,MI,100+ EPs,0,N/A,CAT2,-1.0%,.,N/A,N/A,.,.
13066405482,NY,100+ EPs,0,Not Eligible,CAT1,0.0,.,N/A,N/A,-0.33,0.09
13075095790,MO,100+ EPs,0,Not Eligible,CAT1,0.0,.,N/A,N/A,-0.40,0.51
13086764019,ME,100+ EPs,0,Not Eligible,CAT1,0.0,.,N/A,N/A,-0.16,0.83
13091288281,MO,100+ EPs,0,N/A,CAT2,-1.0%,.,N/A,N/A,-0.27,.
13095411067,MO,100+ EPs,1,Not Eligible,CAT1,0.0,.,N/A,N/A,0.16,.
13107245630,CA,100+ EPs,1,Not Eligible,CAT1,0.0,.,Average,Average,-0.50,0.28
13117811205,CA,100+ EPs,0,Not Eligible,CAT1,0.0,.,N/A,N/A,-0.22,-0.25
13121656135,NY,100+ EPs,0,Not Eligible,CAT1,0.0,.,N/A,N/A,.,.
13123989785,VA,100+ EPs,1,Not Eligible,CAT1,0.0,.,N/A,N/A,0.85,1.37
13125168486,CA,100+ EPs,1,Not Eligible,CAT1,0.0,.,N/A,N/A,-0.05,-0.23
13143779636,GA,100+ EPs,0,Not Eligible,CAT1,0.0,.,N/A,N/A,-0.23,0.50
13163951985,IL,100+ EPs,0,Not Eligible,CAT1,0.0,.,Average,Average,0.07,0.64
13164337522,NJ,100+ EPs,0,Not Eligible,CAT1,0.0,.,N/A,N/A,.,.
13164783211,MO,100+ EPs,0,Not Eligible,CAT1,0.0,.,N/A,N/A,0.24,0.33
13175943243,OH,100+ EPs,0,N/A,CAT2,-1.0%,.,N/A,N/A,6.90,.
13193859703,OK,100+ EPs,0,Not Eligible,CAT1,0.0,.,N/A,N/A,0.19,0.08
13194883338,KS,100+ EPs,1,Not Eligible,CAT1,0.0,.,Average,Average,-0.89,-0.80
13196434542,CA,100+ EPs,0,N/A,CAT2,-1.0%,.,N/A,N/A,-0.90,.
13207431832,SC,100+ EPs,1,Not Eligible,CAT1,0.0,-1.0%,Average,Average,0.04,0.00
13217871669,NC,100+ EPs,0,Not Eligible,CAT1,0.0,.,N/A,N/A,0.73,-1.27
13221699072,PA,100+ EPs,0,Not Eligible,CAT1,0.0,.,N/A,N/A,-0.23,0.50
13225441971,CA,100+ EPs,0,N/A,CAT2,-1.0%,.,N/A,N/A,-0.06,.
13233985407,LA,100+ EPs,0,Not Eligible,CAT1,0.0,.,N/A,N/A,-1.05,0.53
13239310126,IL,100+ EPs,0,Not Eligible,CAT1,-1.0%,.,High,Low,1.03,-1.25
13244836941,CA,100+ EPs,1,Not Eligible,CAT1,0.0,.,N/A,N/A,5.10,-2.22
13246979052,WA,100+ EPs,0,Not Eligible,CAT1,0.0,.,Average,Average,-0.33,0.59
13259156456,TN,100+ EPs,0,N/A,CAT2,-1.0%,.,N/A,N/A,.,.
13263265942,TX,100+ EPs,0,N/A,CAT2,-1.0%,.,N/A,N/A,-0.94,.
13265763980,CA,100+ EPs,1,N/A,CAT2,-1.0%,.,N/A,N/A,-0.59,.
13287283334,WI,100+ EPs,1,Not Eligible,CAT1,0.0,.,Average,Average,0.19,0.16
13320072054,NY,100+ EPs,0,Not Eligible,CAT1,0.0,.,N/A,N/A,.,.
13324901834,NM,100+ EPs,0,N/A,CAT2,-1.0%,.,N/A,N/A,.,.
13333429170,OR,100+ EPs,0,Not Eligible,CAT1,0.0,.,N/A,N/A,-0.36,1.86
13357389795,CT,100+ EPs,0,Not Eligible,CAT1,0.0,.,N/A,N/A,0.12,-0.34
13358738471,MN,100+ EPs,0,N/A,CAT2,-1.0%,.,N/A,N/A,.,.
13359753238,GA,100+ EPs,0,N/A,CAT2,-1.0%,.,N/A,N/A,-0.22,.
13359928641,CA,100+ EPs,0,Not Eligible,CAT1,0.0,.,N/A,N/A,0.88,-0.68
13377825851,GA,100+ EPs,0,N/A,CAT2,-1.0%,.,N/A,N/A,.,.
13413862600,TX,100+ EPs,0,Not Eligible,CAT1,0.0,.,N/A,N/A,-0.15,-0.29
13429791052,PA,100+ EPs,0,N/A,CAT2,-1.0%,.,N/A,N/A,3.94,.
13431028030,IL,100+ EPs,1,Not Eligible,CAT1,0.0,.,N/A,N/A,0.01,-0.23
13431961101,PA,100+ EPs,1,Not Eligible,CAT1,0.0,.,N/A,N/A,-0.28,0.80
13436534235,NY,100+ EPs,0,N/A,CAT2,-1.0%,.,N/A,N/A,-0.53,.
13455883716,NC,100+ EPs,0,Not Eligible,CAT1,0.0,.,N/A,N/A,-0.16,0.46
13461749500,CA,100+ EPs,0,N/A,CAT2,-1.0%,.,N/A,N/A,-0.09,.
13474369217,OH,100+ EPs,0,Not Eligible,CAT1,0.0,.,N/A,N/A,.,.
13477867893,AZ,100+ EPs,0,Not Eligible,CAT1,0.0,.,N/A,N/A,1.99,-1.17
13493715075,NY,100+ EPs,0,Not Eligible,CAT1,0.0,.,N/A,N/A,.,.
13511818517,IL,100+ EPs,1,Not Eligible,CAT1,0.0,.,Average,Average,0.04,0.77
13527184941,NJ,100+ EPs,0,N/A,CAT2,-1.0%,.,N/A,N/A,.,.
13529566517,MD,100+ EPs,0,Not Eligible,CAT1,0.0,.,N/A,N/A,0.71,-1.06
13535911620,HI,100+ EPs,0,N/A,CAT2,-1.0%,.,N/A,N/A,-1.19,.
13545816329,NY,100+ EPs,0,Not Eligible,CAT1,0.0,.,N/A,N/A,1.48,-1.09
13556143697,PA,100+ EPs,1,Not Eligible,CAT1,0.0,.,N/A,N/A,-0.02,-1.61
13559969461,OH,100+ EPs,1,Not Eligible,CAT1,0.0,.,N/A,N/A,-0.08,-0.49
13580003861,NY,100+ EPs,0,Not Eligible,CAT1,0.0,.,N/A,N/A,0.00,0.08
13607225116,NY,100+ EPs,0,N/A,CAT2,-1.0%,.,N/A,N/A,.,.
13612276947,PA,100+ EPs,0,Not Eligible,CAT1,0.0,.,N/A,N/A,-0.20,0.74
13623841379,CT,100+ EPs,1,Not Eligible,CAT1,0.0,.,Average,Average,0.09,-0.70
13672907506,RI,100+ EPs,0,N/A,CAT2,-1.0%,.,N/A,N/A,0.36,.
13673668620,OH,100+ EPs,1,Not Eligible,CAT1,0.0,.,N/A,N/A,-0.01,-0.39
13679873000,ND,100+ EPs,1,Not Eligible,CAT1,0.0,.,N/A,N/A,-0.13,0.54
13683637828,CA,100+ EPs,0,Not Eligible,CAT1,0.0,.,N/A,N/A,-0.44,0.55
13693485346,CA,100+ EPs,0,Not Eligible,CAT1,0.0,.,N/A,N/A,0.49,0.21
13700355166,GA,100+ EPs,0,Not Eligible,CAT1,0.0,.,N/A,N/A,-0.02,0.34
13707799539,PA,100+ EPs,0,N/A,CAT2,-1.0%,.,N/A,N/A,-1.29,.
13709074694,OH,100+ EPs,0,Not Eligible,CAT1,0.0,.,N/A,N/A,-0.42,0.35
13711759935,NY,100+ EPs,1,Not Eligible,CAT1,0.0,.,N/A,N/A,-0.28,-0.38
13718640171,NY,100+ EPs,0,N/A,CAT2,-1.0%,.,N/A,N/A,-0.65,.
13750785627,NC,100+ EPs,0,Not Eligible,CAT1,0.0,.,N/A,N/A,0.02,0.56
13770709473,MO,100+ EPs,0,Not Eligible,CAT1,0.0,.,N/A,N/A,0.75,-0.61
13773254042,AR,100+ EPs,0,Not Eligible,CAT1,0.0,.,N/A,N/A,0.09,-0.22
13781786563,GA,100+ EPs,1,Not Eligible,CAT1,0.0,.,Average,Average,-0.17,0.30
13783376592,NC,100+ EPs,0,Not Eligible,CAT1,0.0,.,N/A,N/A,.,.
13785720023,CA,100+ EPs,1,Not Eligible,CAT1,0.0,.,N/A,N/A,-0.07,0.70
13791077954,TX,100+ EPs,0,Not Eligible,CAT1,0.0,.,N/A,N/A,0.65,-0.54
13793191160,MA,100+ EPs,0,Not Eligible,CAT1,0.0,.,N/A,N/A,0.40,0.27
13793464515,WA,100+ EPs,0,Not Eligible,CAT1,0.0,.,N/A,N/A,-0.39,0.84
13793985224,NC,100+ EPs,0,Not Eligible,CAT1,0.0,.,N/A,N/A,-0.33,0.18
13795527581,PR,100+ EPs,0,N/A,CAT2,-1.0%,.,N/A,N/A,0.38,.
13803046842,FL,100+ EPs,1,N/A,CAT2,-1.0%,.,N/A,N/A,0.07,.
13814932942,FL,100+ EPs,1,Not Eligible,CAT1,0.0,.,Average,Average,0.18,0.43
13825337354,WV,100+ EPs,0,N/A,CAT2,-1.0%,.,N/A,N/A,0.02,.
13828962259,CT,100+ EPs,0,Not Eligible,CAT1,0.0,.,N/A,N/A,.,.
13830280292,MO,100+ EPs,1,Not Eligible,CAT1,0.0,.,N/A,N/A,-0.20,-1.69
13830817831,MA,100+ EPs,0,N/A,CAT2,-1.0%,.,N/A,N/A,-0.99,.
13835822577,MO,100+ EPs,1,Not Eligible,CAT1,0.0,.,Average,Average,-0.59,0.87
13870726999,TN,100+ EPs,0,Not Eligible,CAT1,0.0,.,N/A,N/A,.,.
13880090811,MI,100+ EPs,0,Not Eligible,CAT1,0.0,.,N/A,N/A,.,.
13893313285,MN,100+ EPs,1,Not Eligible,CAT1,0.0,.,N/A,N/A,-0.17,0.36
13910848228,MS,100+ EPs,0,N/A,CAT2,-1.0%,.,N/A,N/A,0.06,.
13918944248,PR,100+ EPs,0,N/A,CAT2,-1.0%,.,N/A,N/A,-0.83,.
13934609774,FL,100+ EPs,0,N/A,CAT2,-1.0%,.,N/A,N/A,.,.
13936512168,MD,100+ EPs,0,Not Eligible,CAT1,0.0,.,N/A,N/A,.,.
13966463597,IL,100+ EPs,0,Not Eligible,CAT1,0.0,.,Average,Average,-0.22,0.33
13980445406,MA,100+ EPs,0,N/A,CAT2,-1.0%,.,N/A,N/A,-0.55,.
13981869514,NC,100+ EPs,0,Not Eligible,CAT1,0.0,.,N/A,N/A,0.11,-0.01
13989978538,MI,100+ EPs,0,Not Eligible,CAT1,0.0,.,N/A,N/A,-0.31,0.39
13997793589,GA,100+ EPs,0,N/A,CAT2,-1.0%,.,N/A,N/A,0.06,.
14007864725,FL,100+ EPs,0,Not Eligible,CAT1,0.0,.,Average,Average,0.04,0.12
14022235728,PA,100+ EPs,0,Not Eligible,CAT1,0.0,.,N/A,N/A,-0.40,-0.01
14029802759,IL,100+ EPs,1,Not Eligible,CAT1,0.0,.,N/A,N/A,0.10,-0.05
14041549051,GA,100+ EPs,0,Not Eligible,CAT1,0.0,.,N/A,N/A,-0.06,0.06
14051512494,IL,100+ EPs,0,N/A,CAT2,-1.0%,.,N/A,N/A,-0.07,.
14058748675,ME,100+ EPs,0,N/A,CAT2,-1.0%,.,N/A,N/A,-0.23,.
14094371183,IL,100+ EPs,0,N/A,CAT2,-1.0%,.,N/A,N/A,.,.
14097736201,KS,100+ EPs,0,N/A,CAT2,-1.0%,.,N/A,N/A,1.58,.
14117894124,OR,100+ EPs,0,N/A,CAT2,-1.0%,.,N/A,N/A,-0.84,.
14141795039,MA,100+ EPs,0,Not Eligible,CAT1,0.0,.,N/A,N/A,0.45,-0.72
14143911719,KS,100+ EPs,0,Not Eligible,CAT1,0.0,.,N/A,N/A,-0.01,0.36
14145437745,RI,100+ EPs,0,N/A,CAT2,-1.0%,.,N/A,N/A,-1.38,.
14150918075,TX,100+ EPs,0,Not Eligible,CAT1,0.0,.,N/A,N/A,-0.36,-0.79
14160133561,WI,100+ EPs,1,Not Eligible,CAT1,0.0,.,Average,Average,-0.61,0.41
14165140998,MA,100+ EPs,0,N/A,CAT2,-1.0%,.,N/A,N/A,0.93,.
14183053377,MN,100+ EPs,1,Not Eligible,CAT1,0.0,.,N/A,N/A,-0.49,0.78
14187557651,KY,100+ EPs,0,Not Eligible,CAT1,0.0,.,N/A,N/A,-0.06,-0.39
14194846212,IA,100+ EPs,0,N/A,CAT2,-1.0%,.,N/A,N/A,-0.94,.
14196940309,GA,100+ EPs,0,Not Eligible,CAT1,0.0,.,N/A,N/A,-0.29,-0.45
14202524042,WI,100+ EPs,0,Not Eligible,CAT1,0.0,.,N/A,N/A,-0.36,0.75
14207682498,FL,100+ EPs,1,Not Eligible,CAT1,0.0,.,N/A,N/A,0.18,0.42
14222229347,MO,100+ EPs,0,Not Eligible,CAT1,0.0,.,N/A,N/A,-0.25,0.28
14230424997,AZ,100+ EPs,0,Not Eligible,CAT1,-1.0%,.,High,Low,2.29,-1.99
14245010759,ID,100+ EPs,0,N/A,CAT2,-1.0%,.,N/A,N/A,0.07,.
14245586658,IL,100+ EPs,1,Not Eligible,CAT1,0.0,.,N/A,N/A,-0.26,-0.12
14250582678,FL,100+ EPs,1,Not Eligible,CAT1,0.0,.,N/A,N/A,0.49,-3.38
14257459436,MD,100+ EPs,0,N/A,CAT2,-1.0%,.,N/A,N/A,2.59,.
14262087629,WA,100+ EPs,0,N/A,CAT2,-1.0%,.,N/A,N/A,0.13,.
14273678309,FL,100+ EPs,0,Not Eligible,CAT1,0.0,.,N/A,N/A,-1.17,1.86
14276173732,FL,100+ EPs,0,Not Eligible,CAT1,0.0,.,N/A,N/A,1.57,1.86
14307137723,IA,100+ EPs,0,Not Eligible,CAT1,0.0,.,N/A,N/A,-0.39,0.75
14315304619,LA,100+ EPs,0,N/A,CAT2,-1.0%,.,N/A,N/A,-1.23,.
14367720857,IN,100+ EPs,0,Not Eligible,CAT1,0.0,.,N/A,N/A,0.35,0.19
14384339550,MO,100+ EPs,0,Not Eligible,CAT1,0.0,.,N/A,N/A,-0.30,-0.24
14388269356,FL,100+ EPs,1,Not Eligible,CAT1,0.0,.,Average,Average,-0.56,-0.66
14399304849,CT,100+ EPs,0,Not Eligible,CAT1,0.0,.,N/A,N/A,0.04,0.20
14408595068,MD,100+ EPs,0,Not Eligible,CAT1,0.0,.,N/A,N/A,-0.27,0.53
14440501959,VA,100+ EPs,0,Not Eligible,CAT1,0.0,.,N/A,N/A,0.28,-0.51
14443844315,NC,100+ EPs,0,Not Eligible,CAT1,0.0,.,N/A,N/A,-0.21,-0.41
14452334596,PA,100+ EPs,0,N/A,CAT2,-1.0%,.,N/A,N/A,.,.
14485175619,MI,100+ EPs,0,N/A,CAT2,-1.0%,.,N/A,N/A,-0.27,.
14490340876,NY,100+ EPs,0,Not Eligible,CAT1,0.0,.,N/A,N/A,-1.05,-0.14
14501241250,OK,100+ EPs,1,Not Eligible,CAT1,0.0,.,N/A,N/A,-0.11,-0.12
14505077421,MI,100+ EPs,1,Not Eligible,CAT1,0.0,.,N/A,N/A,0.18,0.36
14507250532,MI,100+ EPs,0,N/A,CAT2,-1.0%,.,N/A,N/A,0.95,.
14509620406,NY,100+ EPs,0,N/A,CAT2,-1.0%,.,N/A,N/A,-0.41,.
14542640322,SD,100+ EPs,0,Not Eligible,CAT1,0.0,.,N/A,N/A,-0.16,0.58
14558838264,OH,100+ EPs,0,Not Eligible,CAT1,0.0,.,N/A,N/A,-0.01,0.25
14560701891,MN,100+ EPs,0,Not Eligible,CAT1,0.0,.,N/A,N/A,0.28,-0.33
14567483584,VA,100+ EPs,1,Not Eligible,CAT1,0.0,.,N/A,N/A,-0.13,-0.11
14585664969,NY,100+ EPs,0,N/A,CAT2,-1.0%,.,N/A,N/A,.,.
14603810371,OR,100+ EPs,1,Not Eligible,CAT1,0.0,.,N/A,N/A,-0.45,0.05
14618335124,OH,100+ EPs,1,Not Eligible,CAT1,0.0,.,Average,Average,0.25,0.87
14619720425,MA,100+ EPs,0,N/A,CAT2,-1.0%,.,N/A,N/A,-0.13,.
14622659467,MS,100+ EPs,0,Not Eligible,CAT1,0.0,.,N/A,N/A,-0.03,-0.56
14624619489,SD,100+ EPs,1,Not Eligible,CAT1,0.0,.,Average,Average,-0.15,0.89
14644667790,IL,100+ EPs,0,N/A,CAT2,-1.0%,.,N/A,N/A,-0.72,.
14647427343,MO,100+ EPs,0,Not Eligible,CAT1,0.0,.,N/A,N/A,-0.34,0.82
14657874769,KY,100+ EPs,0,N/A,CAT2,-1.0%,.,N/A,N/A,0.13,.
14684545978,TX,100+ EPs,1,Not Eligible,CAT1,0.0,.,N/A,N/A,0.10,0.15
14696974165,KS,100+ EPs,1,Not Eligible,CAT1,0.0,.,N/A,N/A,-0.36,0.36
14702777630,WA,100+ EPs,0,Not Eligible,CAT1,0.0,.,N/A,N/A,.,.
14720095866,CA,100+ EPs,1,Not Eligible,CAT1,0.0,.,Average,Average,-0.22,-0.04
14722572551,CA,100+ EPs,0,N/A,CAT2,-1.0%,.,N/A,N/A,-0.74,.
14723809341,TX,100+ EPs,1,Not Eligible,CAT1,0.0,.,N/A,N/A,0.08,0.04
14731365759,RI,100+ EPs,0,Not Eligible,CAT1,0.0,.,N/A,N/A,0.77,1.86
14735134002,IL,100+ EPs,0,Not Eligible,CAT1,0.0,.,N/A,N/A,0.39,0.29
14753437366,NC,100+ EPs,0,Not Eligible,CAT1,0.0,.,N/A,N/A,.,.
14759566463,NY,100+ EPs,0,N/A,CAT2,-1.0%,.,N/A,N/A,-0.35,.
14761017873,CT,100+ EPs,0,Not Eligible,CAT1,0.0,.,Average,Average,-0.23,0.56
14766456666,AK,100+ EPs,0,N/A,CAT2,-1.0%,.,N/A,N/A,-0.82,.
14779544198,WA,100+ EPs,0,Not Eligible,CAT1,0.0,.,N/A,N/A,-0.26,0.80
14783694081,PA,100+ EPs,0,Not Eligible,CAT1,0.0,.,N/A,N/A,1.75,-0.79
14789130515,PA,100+ EPs,1,Not Eligible,CAT1,0.0,.,N/A,N/A,-0.15,0.90
14796048044,GA,100+ EPs,0,Not Eligible,CAT1,0.0,.,Average,Average,0.52,0.41
14796289536,NC,100+ EPs,0,Not Eligible,CAT1,0.0,.,N/A,N/A,-0.13,-0.48
14813070793,MD,100+ EPs,0,Not Eligible,CAT1,0.0,.,N/A,N/A,.,.
14827291567,NY,100+ EPs,0,Not Eligible,CAT1,0.0,.,N/A,N/A,-0.23,0.44
14831272853,WA,100+ EPs,1,Not Eligible,CAT1,0.0,.,N/A,N/A,-0.23,.
14832888728,VA,100+ EPs,1,Not Eligible,CAT1,0.0,.,N/A,N/A,-0.19,0.31
14836371541,NE,100+ EPs,1,Not Eligible,CAT1,0.0,.,N/A,N/A,0.13,0.54
14842550003,GA,100+ EPs,0,N/A,CAT2,-1.0%,.,N/A,N/A,-0.45,.
14846351505,IN,100+ EPs,0,N/A,CAT2,-1.0%,.,N/A,N/A,0.02,.
14848676512,IL,100+ EPs,1,Not Eligible,CAT1,0.0,.,N/A,N/A,1.01,-0.62
14878294265,OH,100+ EPs,1,Not Eligible,CAT1,1.0xAF,.,Average,High,-0.36,1.47
14878612298,FL,100+ EPs,0,Not Eligible,CAT1,0.0,.,N/A,N/A,.,.
14879751697,AL,100+ EPs,0,N/A,CAT2,-1.0%,.,N/A,N/A,-0.41,.
14893457596,MA,100+ EPs,0,N/A,CAT2,-1.0%,.,N/A,N/A,.,.
14908134143,GA,100+ EPs,1,Not Eligible,CAT1,0.0,.,N/A,N/A,-0.21,-3.02
14913001040,CA,100+ EPs,1,Not Eligible,CAT1,0.0,.,Average,Average,-0.66,-0.10
14924380090,TX,100+ EPs,0,Not Eligible,CAT1,0.0,.,N/A,N/A,0.96,-0.19
14930524717,PA,100+ EPs,1,Not Eligible,CAT1,0.0,.,N/A,N/A,0.25,.
14930899448,NY,100+ EPs,0,Not Eligible,CAT1,0.0,.,N/A,N/A,0.02,-0.15
14935104470,TX,100+ EPs,0,Not Eligible,CAT1,0.0,.,N/A,N/A,0.34,-0.13
14939662411,WA,100+ EPs,0,Not Eligible,CAT1,0.0,.,N/A,N/A,-0.28,0.74
14949385771,VA,100+ EPs,0,N/A,CAT2,-1.0%,.,N/A,N/A,0.08,.
14965892811,OH,100+ EPs,0,Not Eligible,CAT1,0.0,.,N/A,N/A,-0.07,0.06
14971755736,MT,100+ EPs,1,Not Eligible,CAT1,0.0,.,N/A,N/A,0.02,-3.86
14972956732,MD,100+ EPs,0,N/A,CAT2,-1.0%,.,N/A,N/A,0.12,.
14982589239,FL,100+ EPs,1,Not Eligible,CAT1,0.0,.,N/A,N/A,-0.14,-1.92
14982949144,NC,100+ EPs,0,Not Eligible,CAT1,0.0,.,Average,Average,-0.31,0.67
14991096328,AR,100+ EPs,0,Not Eligible,CAT1,0.0,.,N/A,N/A,-0.26,0.33
15018219701,KS,100+ EPs,1,Not Eligible,CAT1,0.0,.,N/A,N/A,0.04,1.14
15019325220,IL,100+ EPs,1,Not Eligible,CAT1,0.0,.,N/A,N/A,2.54,-1.04
15022888596,NV,100+ EPs,1,Not Eligible,CAT1,0.0,.,N/A,N/A,-0.52,0.36
15027071289,ME,100+ EPs,1,Not Eligible,CAT1,0.0,.,Average,Average,-0.37,-0.56
15033967304,MN,100+ EPs,0,N/A,CAT2,-1.0%,.,N/A,N/A,-1.96,.
15035423667,NC,100+ EPs,0,N/A,CAT2,-1.0%,.,N/A,N/A,.,.
15045658955,WA,100+ EPs,0,N/A,CAT2,-1.0%,.,N/A,N/A,-0.22,.
15048855334,NY,100+ EPs,0,N/A,CAT2,-1.0%,.,N/A,N/A,.,.
15058648307,CT,100+ EPs,0,Not Eligible,CAT1,0.0,.,N/A,N/A,-0.09,0.05
15059701118,WA,100+ EPs,0,Not Eligible,CAT1,0.0,.,N/A,N/A,0.05,0.37
15084094789,FL,100+ EPs,0,N/A,CAT2,-1.0%,.,N/A,N/A,.,.
15100345160,MN,100+ EPs,1,Not Eligible,CAT1,0.0,.,N/A,N/A,-0.53,0.03
15101071300,CA,100+ EPs,0,Not Eligible,CAT1,0.0,.,N/A,N/A,0.00,0.25
15114205794,NY,100+ EPs,0,N/A,CAT2,-1.0%,.,N/A,N/A,.,.
15124837235,TN,100+ EPs,0,Not Eligible,CAT1,0.0,.,N/A,N/A,-0.18,0.16
15151889799,WA,100+ EPs,1,Not Eligible,CAT1,0.0,.,N/A,N/A,-0.79,0.49
15155953190,TX,100+ EPs,0,N/A,CAT2,-1.0%,.,N/A,N/A,.,.
15156633884,LA,100+ EPs,0,N/A,CAT2,-1.0%,.,N/A,N/A,.,.
15156779399,MI,100+ EPs,1,Not Eligible,CAT1,0.0,.,Average,Average,0.03,0.90
15160715885,NJ,100+ EPs,0,N/A,CAT2,-1.0%,.,N/A,N/A,-0.30,.
15190725906,TX,100+ EPs,0,Not Eligible,CAT1,0.0,.,N/A,N/A,0.11,0.19
15194653696,VA,100+ EPs,0,Not Eligible,CAT1,0.0,.,Average,Average,-0.39,0.47
15197472651,NY,100+ EPs,0,N/A,CAT2,-1.0%,.,N/A,N/A,0.01,.
15201918988,NC,100+ EPs,0,N/A,CAT2,-1.0%,.,N/A,N/A,.,.
15205484435,NV,100+ EPs,0,Not Eligible,CAT1,0.0,.,N/A,N/A,-0.36,-0.09
15230657915,TX,100+ EPs,0,N/A,CAT2,-1.0%,.,N/A,N/A,.,.
15241891241,MN,100+ EPs,1,Not Eligible,CAT1,0.0,.,N/A,N/A,-0.09,0.54
15244403176,IN,100+ EPs,0,Not Eligible,CAT1,0.0,.,N/A,N/A,0.02,0.45
15253068749,ME,100+ EPs,0,Not Eligible,CAT1,0.0,.,N/A,N/A,-0.22,0.11
15263748460,SC,100+ EPs,0,N/A,CAT2,-1.0%,.,N/A,N/A,0.41,.
15276555608,OH,100+ EPs,0,N/A,CAT2,-1.0%,.,N/A,N/A,.,.
15280491880,IL,100+ EPs,1,N/A,CAT2,-1.0%,.,N/A,N/A,-0.04,.
15291546779,NY,100+ EPs,0,Not Eligible,CAT1,0.0,.,N/A,N/A,.,.
15314413190,WV,100+ EPs,0,Not Eligible,CAT1,0.0,.,N/A,N/A,0.01,-0.78
15316084945,OH,100+ EPs,0,Not Eligible,CAT1,0.0,.,N/A,N/A,.,.
15317372908,SC,100+ EPs,0,N/A,CAT2,-1.0%,.,N/A,N/A,-0.31,.
15340063963,FL,100+ EPs,1,Not Eligible,CAT1,0.0,.,N/A,N/A,0.11,-0.36
15348128504,MN,100+ EPs,0,Not Eligible,CAT1,0.0,.,N/A,N/A,-0.09,0.36
15360312487,IL,100+ EPs,0,Not Eligible,CAT1,0.0,.,N/A,N/A,0.04,0.12
15372360700,OH,100+ EPs,0,Not Eligible,CAT1,0.0,.,N/A,N/A,2.32,-10.75
15372698978,CA,100+ EPs,0,Not Eligible,CAT1,0.0,.,N/A,N/A,-1.76,-0.92
15379464466,NC,100+ EPs,0,Not Eligible,CAT1,0.0,.,N/A,N/A,-0.04,-0.13
15383394898,FL,100+ EPs,0,Not Eligible,CAT1,0.0,.,N/A,N/A,.,.
15421076228,TN,100+ EPs,0,Not Eligible,CAT1,-0.5%,.,Average,Low,-0.30,-4.13
15428305247,TN,100+ EPs,0,Not Eligible,CAT1,0.0,.,N/A,N/A,0.47,-0.44
15436059814,SC,100+ EPs,0,Not Eligible,CAT1,0.0,.,N/A,N/A,0.12,0.45
15441603041,IL,100+ EPs,1,Not Eligible,CAT1,0.0,.,N/A,N/A,0.41,-0.90
15468886367,MI,100+ EPs,0,Not Eligible,CAT1,0.0,.,N/A,N/A,-0.05,0.31
15472430254,MS,100+ EPs,1,Not Eligible,CAT1,0.0,.,Average,Average,0.60,-0.02
15476345776,MI,100+ EPs,0,Not Eligible,CAT1,0.0,.,N/A,N/A,0.22,0.17
15481789992,NY,100+ EPs,0,Not Eligible,CAT1,0.0,.,N/A,N/A,.,.
15493726002,NY,100+ EPs,0,N/A,CAT2,-1.0%,.,N/A,N/A,-0.57,.
15529310168,OH,100+ EPs,0,Not Eligible,CAT1,0.0,.,N/A,N/A,0.25,-0.38
15537291740,NC,100+ EPs,0,Not Eligible,CAT1,0.0,.,N/A,N/A,-0.14,-0.37
15553990609,VA,100+ EPs,1,Not Eligible,CAT1,0.0,.,N/A,N/A,0.55,-1.60
15561382789,IL,100+ EPs,0,Not Eligible,CAT1,0.0,.,N/A,N/A,0.08,-0.24
15570506060,MN,100+ EPs,0,Not Eligible,CAT1,0.0,.,N/A,N/A,-0.30,0.29
15592370126,CA,100+ EPs,0,Not Eligible,CAT1,0.0,.,N/A,N/A,-0.29,-0.02
15602727611,CO,100+ EPs,0,Not Eligible,CAT1,0.0,.,N/A,N/A,-0.28,1.86
15614752243,GA,100+ EPs,1,Not Eligible,CAT1,0.0,.,N/A,N/A,-0.11,.
15615412837,NY,100+ EPs,0,N/A,CAT2,-1.0%,.,N/A,N/A,-0.54,.
15637095196,NY,100+ EPs,0,N/A,CAT2,-1.0%,.,N/A,N/A,-0.48,.
15651012182,MN,100+ EPs,0,N/A,CAT2,-1.0%,.,N/A,N/A,-0.08,.
15680547939,FL,100+ EPs,1,Not Eligible,CAT1,0.0,.,N/A,N/A,-0.11,-0.16
15686385843,PA,100+ EPs,1,Not Eligible,CAT1,0.0,.,N/A,N/A,-0.39,1.38
15692889052,FL,100+ EPs,0,Not Eligible,CAT1,0.0,.,N/A,N/A,0.30,0.22
15694432515,RI,100+ EPs,0,N/A,CAT2,-1.0%,.,N/A,N/A,.,.
15695872111,WI,100+ EPs,1,Not Eligible,CAT1,0.0,.,N/A,N/A,-0.32,0.52
15704512503,SC,100+ EPs,0,Not Eligible,CAT1,0.0,.,N/A,N/A,0.07,0.32
15717236451,NJ,100+ EPs,0,Not Eligible,CAT1,0.0,.,N/A,N/A,.,.
15718871842,TN,100+ EPs,0,Not Eligible,CAT1,0.0,.,N/A,N/A,-0.09,0.28
15724336929,MA,100+ EPs,1,Not Eligible,CAT1,0.0,.,Average,Average,0.04,-0.19
15731053241,PA,100+ EPs,0,N/A,CAT2,-1.0%,.,N/A,N/A,.,.
15736045756,VA,100+ EPs,0,Not Eligible,CAT1,0.0,.,N/A,N/A,-0.55,0.01
15738300467,OH,100+ EPs,0,N/A,CAT2,-1.0%,.,N/A,N/A,.,.
15742471812,KS,100+ EPs,0,Not Eligible,CAT1,0.0,.,N/A,N/A,0.64,-0.27
15744708832,IL,100+ EPs,0,Not Eligible,CAT1,0.0,.,N/A,N/A,-0.14,0.15
15747378855,LA,100+ EPs,1,Not Eligible,CAT1,0.0,.,N/A,N/A,-0.07,.
15749009892,NH,100+ EPs,0,N/A,CAT2,-1.0%,.,N/A,N/A,-1.00,.
15764375618,MI,100+ EPs,0,N/A,CAT2,-1.0%,.,N/A,N/A,-1.28,.
15767569051,FL,100+ EPs,0,Not Eligible,CAT1,0.0,.,N/A,N/A,2.78,-0.67
15789945756,UT,100+ EPs,1,Not Eligible,CAT1,0.0,.,Average,Average,-0.15,0.97
15793845931,KY,100+ EPs,0,N/A,CAT2,-1.0%,.,N/A,N/A,0.33,.
15818014033,MA,100+ EPs,0,N/A,CAT2,-1.0%,.,N/A,N/A,.,.
15821629052,GA,100+ EPs,0,Not Eligible,CAT1,0.0,.,N/A,N/A,-0.04,-0.11
15822788181,ME,100+ EPs,0,N/A,CAT2,-1.0%,.,N/A,N/A,1.83,.
15838149888,GA,100+ EPs,0,N/A,CAT2,-1.0%,.,N/A,N/A,-0.04,.
15839348519,MN,100+ EPs,0,Not Eligible,CAT1,0.0,.,N/A,N/A,0.07,-0.61
15848427741,CA,100+ EPs,0,Not Eligible,CAT1,0.0,.,N/A,N/A,-0.50,0.63
15860410556,ID,100+ EPs,0,N/A,CAT2,-1.0%,.,N/A,N/A,-0.52,.
15861055322,FL,100+ EPs,0,N/A,CAT2,-1.0%,.,N/A,N/A,0.33,.
15895452266,NC,100+ EPs,0,Not Eligible,CAT1,0.0,.,N/A,N/A,.,.
15921708099,MA,100+ EPs,0,N/A,CAT2,-1.0%,.,N/A,N/A,-0.59,.
15925076420,PA,100+ EPs,0,Not Eligible,CAT1,0.0,.,N/A,N/A,0.17,-0.30
15925975097,PA,100+ EPs,1,Not Eligible,CAT1,0.0,.,Average,Average,0.03,0.26
15929292939,CO,100+ EPs,0,Not Eligible,CAT1,0.0,.,Average,Average,-0.39,0.11
15936117575,TX,100+ EPs,1,Not Eligible,CAT1,0.0,.,N/A,N/A,0.39,-4.43
15947545313,OR,100+ EPs,0,Not Eligible,CAT1,0.0,.,N/A,N/A,-0.18,0.10
15962068792,LA,100+ EPs,0,N/A,CAT2,-1.0%,.,N/A,N/A,-0.85,.
15986896849,NY,100+ EPs,0,N/A,CAT2,-1.0%,.,N/A,N/A,1.53,.
15992698350,WA,100+ EPs,0,Not Eligible,CAT1,0.0,.,N/A,N/A,-0.41,0.52
15998258728,CT,100+ EPs,0,N/A,CAT2,-1.0%,.,N/A,N/A,-1.72,.
16000139727,WA,100+ EPs,0,Not Eligible,CAT1,0.0,.,N/A,N/A,4.44,-2.33
16003042404,TX,100+ EPs,0,Not Eligible,CAT1,0.0,.,Average,Average,-0.32,0.34
16008765709,CA,100+ EPs,0,Not Eligible,CAT1,0.0,.,N/A,N/A,-0.38,0.26
16013312344,GA,100+ EPs,1,N/A,CAT2,-1.0%,.,N/A,N/A,-0.97,.
16017460956,RI,100+ EPs,0,Not Eligible,CAT1,0.0,.,N/A,N/A,.,.
16036203809,TN,100+ EPs,0,Not Eligible,CAT1,0.0,.,N/A,N/A,.,.
16043647891,CT,100+ EPs,0,N/A,CAT2,-1.0%,.,N/A,N/A,-0.66,.
16068126433,MI,100+ EPs,0,Not Eligible,CAT1,0.0,.,N/A,N/A,-0.24,-0.16
16082935298,TX,100+ EPs,1,Not Eligible,CAT1,0.0,.,N/A,N/A,0.76,0.11
16103700453,PA,100+ EPs,0,Not Eligible,CAT1,0.0,.,N/A,N/A,-0.04,0.48
16120594486,IN,100+ EPs,0,N/A,CAT2,-1.0%,.,N/A,N/A,0.13,.
16122134928,IN,100+ EPs,1,Not Eligible,CAT1,0.0,.,N/A,N/A,-0.18,-0.35
16132405375,WA,100+ EPs,1,Not Eligible,CAT1,0.0,.,Average,Average,-0.44,0.45
16138442089,NC,100+ EPs,1,N/A,CAT2,-1.0%,.,N/A,N/A,-0.37,.
16148411962,TX,100+ EPs,0,N/A,CAT2,-1.0%,.,N/A,N/A,-0.42,.
16148648639,FL,100+ EPs,0,Not Eligible,CAT1,0.0,.,N/A,N/A,-0.54,-0.10
16151512896,VA,100+ EPs,0,N/A,CAT2,-1.0%,.,N/A,N/A,.,.
16160309377,NY,100+ EPs,0,N/A,CAT2,-1.0%,.,N/A,N/A,-0.21,.
16167050204,TN,100+ EPs,0,Not Eligible,CAT1,0.0,.,N/A,N/A,-1.76,-1.39
16176440271,CA,100+ EPs,0,Not Eligible,CAT1,0.0,.,N/A,N/A,-0.29,0.63
16178931419,WA,100+ EPs,0,Not Eligible,CAT1,0.0,.,N/A,N/A,0.56,-0.35
16185779462,MS,100+ EPs,1,Not Eligible,CAT1,0.0,.,N/A,N/A,0.29,-0.38
16194150410,WA,100+ EPs,1,Not Eligible,CAT1,0.0,.,Average,Average,-0.11,0.70
16194232707,WA,100+ EPs,0,Not Eligible,CAT1,0.0,.,N/A,N/A,.,.
16212954994,NY,100+ EPs,1,N/A,CAT2,-1.0%,.,N/A,N/A,5.44,.
16213214618,TX,100+ EPs,0,Not Eligible,CAT1,0.0,.,N/A,N/A,0.09,-0.83
16216514388,HI,100+ EPs,0,Not Eligible,CAT1,1.0xAF,.,Average,High,-0.69,1.40
16217885492,MA,100+ EPs,0,Not Eligible,CAT1,0.0,.,N/A,N/A,-0.07,0.72
16226865621,TN,100+ EPs,1,Not Eligible,CAT1,0.0,.,N/A,N/A,.,0.78
16227446075,FL,100+ EPs,0,Not Eligible,CAT1,0.0,.,N/A,N/A,0.03,0.46
16229352474,WI,100+ EPs,1,Not Eligible,CAT1,0.0,.,N/A,N/A,-0.05,0.12
16270372395,NJ,100+ EPs,0,Not Eligible,CAT1,0.0,.,N/A,N/A,-0.17,0.19
16285176263,PA,100+ EPs,0,Not Eligible,CAT1,0.0,.,N/A,N/A,0.04,0.68
16285954069,KY,100+ EPs,0,N/A,CAT2,-1.0%,.,N/A,N/A,-0.20,.
16292266624,NY,100+ EPs,0,N/A,CAT2,-1.0%,.,N/A,N/A,-1.14,.
16316367159,WI,100+ EPs,0,N/A,CAT2,-1.0%,.,N/A,N/A,-0.17,.
16320513338,PA,100+ EPs,0,Not Eligible,CAT1,0.0,.,N/A,N/A,.,.
16344104130,CA,100+ EPs,0,Not Eligible,CAT1,0.0,.,N/A,N/A,-0.63,0.40
16349053006,CO,100+ EPs,0,N/A,CAT2,-1.0%,.,N/A,N/A,-1.22,.
16353565547,CT,100+ EPs,0,N/A,CAT2,-1.0%,.,N/A,N/A,-0.12,.
16361802914,NY,100+ EPs,0,Not Eligible,CAT1,0.0,.,Average,Average,-0.26,-0.03
16365657197,PA,100+ EPs,1,Not Eligible,CAT1,0.0,.,Average,Average,0.18,-0.10
16374203500,MI,100+ EPs,0,N/A,CAT2,-1.0%,.,N/A,N/A,-0.21,.
16380227641,AL,100+ EPs,1,Not Eligible,CAT1,0.0,.,N/A,N/A,0.12,-0.20
16391576810,FL,100+ EPs,0,N/A,CAT2,-1.0%,.,N/A,N/A,0.29,.
16408415460,NY,100+ EPs,0,Not Eligible,CAT1,0.0,.,N/A,N/A,0.08,-0.34
16410893721,FL,100+ EPs,1,Not Eligible,CAT1,0.0,.,N/A,N/A,0.17,1.02
16451225437,VA,100+ EPs,0,Not Eligible,CAT1,0.0,.,N/A,N/A,-0.96,-0.62
16454684203,IL,100+ EPs,1,Not Eligible,CAT1,0.0,.,Average,Average,-0.28,0.87
16464200949,MA,100+ EPs,0,N/A,CAT2,-1.0%,.,N/A,N/A,1.07,.
16465868647,TX,100+ EPs,1,N/A,CAT2,-1.0%,.,N/A,N/A,0.19,.
16474816708,TN,100+ EPs,0,Not Eligible,CAT1,0.0,.,N/A,N/A,.,.
16515419162,DE,100+ EPs,1,Not Eligible,CAT1,0.0,.,N/A,N/A,-0.31,0.58
16531530111,SC,100+ EPs,0,Not Eligible,CAT1,0.0,.,N/A,N/A,-0.41,0.19
16535129659,NY,100+ EPs,0,Not Eligible,CAT1,0.0,.,N/A,N/A,-0.63,-0.31
16539121338,TX,100+ EPs,0,Not Eligible,CAT1,0.0,.,N/A,N/A,0.11,-0.34
16549424333,AL,100+ EPs,0,N/A,CAT2,-1.0%,.,N/A,N/A,1.44,.
16584728141,TX,100+ EPs,0,N/A,CAT2,-1.0%,.,N/A,N/A,-0.16,.
16588944327,TX,100+ EPs,1,N/A,CAT2,-1.0%,.,N/A,N/A,0.76,.
16617300417,RI,100+ EPs,1,Not Eligible,CAT1,0.0,.,N/A,N/A,-0.15,0.14
16617444013,TX,100+ EPs,0,Not Eligible,CAT1,0.0,.,N/A,N/A,0.11,-0.72
16638930621,PA,100+ EPs,0,Not Eligible,CAT1,0.0,.,N/A,N/A,0.24,-0.46
16640113648,MO,100+ EPs,0,N/A,CAT2,-1.0%,.,N/A,N/A,-1.18,.
16646075717,OH,100+ EPs,0,N/A,CAT2,-1.0%,.,N/A,N/A,.,.
16646468134,TX,100+ EPs,0,Not Eligible,CAT1,0.0,.,Average,Average,-0.48,0.52
16703424565,WI,100+ EPs,1,Not Eligible,CAT1,0.0,.,N/A,N/A,-0.36,0.41
16703930441,CA,100+ EPs,1,Not Eligible,CAT1,0.0,.,Average,Average,-0.57,0.49
16707474370,NY,100+ EPs,1,Not Eligible,CAT1,0.0,.,N/A,N/A,0.23,.
16714862187,CA,100+ EPs,0,Not Eligible,CAT1,0.0,.,N/A,N/A,-0.04,-0.31
16740175027,RI,100+ EPs,0,Not Eligible,CAT1,0.0,.,Average,Average,0.07,-0.19
16753830013,WV,100+ EPs,0,Not Eligible,CAT1,0.0,.,N/A,N/A,-0.04,-0.34
16778378822,MN,100+ EPs,0,N/A,CAT2,-1.0%,.,N/A,N/A,.,.
16780698711,FL,100+ EPs,0,Not Eligible,CAT1,0.0,.,N/A,N/A,0.56,-0.44
16785571924,WA,100+ EPs,1,Not Eligible,CAT1,0.0,.,N/A,N/A,-0.38,0.25
16800769802,CA,100+ EPs,0,N/A,CAT2,-1.0%,.,N/A,N/A,-0.79,.
16817536109,IA,100+ EPs,1,Not Eligible,CAT1,0.0,.,Average,Average,-0.39,0.70
16823388797,FL,100+ EPs,0,Not Eligible,CAT1,0.0,.,N/A,N/A,2.60,-7.38
16826812732,WI,100+ EPs,1,Not Eligible,CAT1,0.0,.,N/A,N/A,-0.26,0.49
16860859149,TX,100+ EPs,0,Not Eligible,CAT1,0.0,.,N/A,N/A,.,.
16862440109,NC,100+ EPs,0,N/A,CAT2,-1.0%,.,N/A,N/A,.,.
16913116921,MI,100+ EPs,0,N/A,CAT2,-1.0%,.,N/A,N/A,-0.31,.
16918977378,RI,100+ EPs,0,N/A,CAT2,-1.0%,.,N/A,N/A,.,.
16937781533,WA,100+ EPs,1,Not Eligible,CAT1,0.0,.,N/A,N/A,-0.24,0.10
16951518606,CA,100+ EPs,0,Not Eligible,CAT1,0.0,.,N/A,N/A,.,.
16988685627,MT,100+ EPs,1,Not Eligible,CAT1,0.0,.,N/A,N/A,0.33,-1.42
16997040198,TX,100+ EPs,0,Not Eligible,CAT1,0.0,.,Average,Average,-0.47,0.15
16997310323,AL,100+ EPs,0,Not Eligible,CAT1,0.0,.,Average,Average,0.36,-0.78
17000381346,DC,100+ EPs,1,N/A,CAT2,-1.0%,.,N/A,N/A,-0.48,.
17000468476,FL,100+ EPs,0,Not Eligible,CAT1,0.0,.,N/A,N/A,.,.
17006892259,MT,100+ EPs,0,N/A,CAT2,-1.0%,.,N/A,N/A,-0.20,.
17016186858,MO,100+ EPs,0,Not Eligible,CAT1,0.0,.,Average,Average,-0.75,-0.04
17026593438,IL,100+ EPs,1,N/A,CAT2,-1.0%,.,N/A,N/A,0.16,.
17065922676,IL,100+ EPs,1,Not Eligible,CAT1,0.0,.,Average,Average,-0.33,0.43
17112980815,KY,100+ EPs,0,Not Eligible,CAT1,0.0,.,N/A,N/A,-0.39,0.79
17120026503,NY,100+ EPs,1,Not Eligible,CAT1,0.0,.,N/A,N/A,-0.30,.
17126993192,CA,100+ EPs,0,Not Eligible,CAT1,0.0,.,N/A,N/A,-0.36,0.58
17131730143,OR,100+ EPs,0,N/A,CAT2,-1.0%,.,N/A,N/A,.,.
17134841613,TX,100+ EPs,0,Not Eligible,CAT1,0.0,.,N/A,N/A,0.24,-0.32
17156298796,WI,100+ EPs,1,Not Eligible,CAT1,0.0,.,N/A,N/A,-0.02,-0.54
17165086455,IN,100+ EPs,0,Not Eligible,CAT1,0.0,.,N/A,N/A,-0.19,0.15
17172977137,NH,100+ EPs,1,Not Eligible,CAT1,0.0,.,Average,Average,0.14,-0.24
17183193739,LA,100+ EPs,1,Not Eligible,CAT1,0.0,.,N/A,N/A,-0.23,-0.44
17215728871,WI,100+ EPs,1,Not Eligible,CAT1,0.0,.,N/A,N/A,-0.02,0.17
17218603359,MD,100+ EPs,0,Not Eligible,CAT1,0.0,.,N/A,N/A,-0.17,-0.64
17220378245,TX,100+ EPs,1,Not Eligible,CAT1,0.0,.,N/A,N/A,0.06,0.63
17220846582,NY,100+ EPs,0,Not Eligible,CAT1,0.0,.,N/A,N/A,-0.03,-0.21
17223172653,GA,100+ EPs,0,Not Eligible,CAT1,0.0,.,N/A,N/A,-1.68,1.86
17226840870,MI,100+ EPs,1,Not Eligible,CAT1,0.0,.,N/A,N/A,1.05,-0.69
17238174155,OH,100+ EPs,0,N/A,CAT2,-1.0%,.,N/A,N/A,-0.23,.
17244693851,MA,100+ EPs,1,Not Eligible,CAT1,0.0,.,N/A,N/A,-0.05,0.00
17245749519,FL,100+ EPs,0,N/A,CAT2,-1.0%,.,N/A,N/A,1.24,.
17256426732,NY,100+ EPs,0,N/A,CAT2,-1.0%,.,N/A,N/A,.,.
17260813592,OH,100+ EPs,0,N/A,CAT2,-1.0%,.,N/A,N/A,-0.51,.
17262874704,TN,100+ EPs,0,Not Eligible,CAT1,0.0,.,N/A,N/A,.,.
17307644612,PA,100+ EPs,0,Not Eligible,CAT1,0.0,.,N/A,N/A,-0.24,0.70
17324354094,TX,100+ EPs,0,Not Eligible,CAT1,0.0,.,N/A,N/A,0.44,0.02
17334949977,LA,100+ EPs,0,Not Eligible,CAT1,0.0,.,N/A,N/A,-0.26,0.65
17345272819,AZ,100+ EPs,0,N/A,CAT2,-1.0%,.,N/A,N/A,-0.20,.
17352470502,VA,100+ EPs,1,Not Eligible,CAT1,0.0,.,N/A,N/A,.,-4.52
17364613241,FL,100+ EPs,0,Not Eligible,CAT1,0.0,.,N/A,N/A,.,.
17394252924,TX,100+ EPs,0,Not Eligible,CAT1,0.0,.,N/A,N/A,.,.
17395000255,AZ,100+ EPs,0,Not Eligible,CAT1,0.0,.,N/A,N/A,-0.11,0.27
17401382248,FL,100+ EPs,0,Not Eligible,CAT1,-0.5%,.,High,Average,1.96,-0.78
17416062853,CA,100+ EPs,1,Not Eligible,CAT1,0.0,.,Average,Average,-0.40,-0.09
17427014648,ID,100+ EPs,1,Not Eligible,CAT1,0.0,.,Average,Average,0.30,0.23
17442742693,KS,100+ EPs,0,Not Eligible,CAT1,0.0,.,Average,Average,-0.13,0.81
17452351495,MA,100+ EPs,1,Not Eligible,CAT1,1.0xAF,.,Average,High,-0.02,1.01
17487982888,NJ,100+ EPs,0,N/A,CAT2,-1.0%,.,N/A,N/A,-0.23,.
17491941245,KY,100+ EPs,1,Not Eligible,CAT1,0.0,.,Average,Average,0.23,0.24
17492950319,PA,100+ EPs,0,Not Eligible,CAT1,0.0,.,N/A,N/A,0.23,0.28
17498683945,MI,100+ EPs,0,N/A,CAT2,-1.0%,.,N/A,N/A,-0.46,.
17501096283,NC,100+ EPs,0,N/A,CAT2,-1.0%,.,N/A,N/A,0.06,.
17503519496,MO,100+ EPs,0,Not Eligible,CAT1,0.0,.,N/A,N/A,.,.
17534142527,OK,100+ EPs,0,Not Eligible,CAT1,0.0,.,N/A,N/A,.,.
17534534004,MN,100+ EPs,1,Not Eligible,CAT1,0.0,.,N/A,N/A,-0.18,0.35
17542631919,KS,100+ EPs,0,Not Eligible,CAT1,0.0,.,N/A,N/A,-0.41,-0.69
17543327699,MI,100+ EPs,0,Not Eligible,CAT1,0.0,.,N/A,N/A,.,.
17552756769,OH,100+ EPs,0,Not Eligible,CAT1,0.0,.,N/A,N/A,-0.15,-0.63
17553713910,TX,100+ EPs,1,Not Eligible,CAT1,0.0,.,N/A,N/A,0.01,-0.16
17557866063,VA,100+ EPs,0,Not Eligible,CAT1,0.0,.,N/A,N/A,.,.
17560427086,WI,100+ EPs,1,Not Eligible,CAT1,0.0,.,N/A,N/A,-0.38,0.67
17569881258,NY,100+ EPs,0,Not Eligible,CAT1,0.0,.,N/A,N/A,2.24,-0.85
17571759179,DE,100+ EPs,0,N/A,CAT2,-1.0%,.,N/A,N/A,-0.89,.
17580000299,MO,100+ EPs,0,Not Eligible,CAT1,0.0,.,N/A,N/A,0.57,-0.01
17582365609,MN,100+ EPs,0,N/A,CAT2,-1.0%,.,N/A,N/A,.,.
17596436511,TN,100+ EPs,0,Not Eligible,CAT1,0.0,.,N/A,N/A,0.23,0.15
17610745700,MI,100+ EPs,1,Not Eligible,CAT1,0.0,.,N/A,N/A,0.31,0.70
17611656317,MI,100+ EPs,0,Not Eligible,CAT1,0.0,.,N/A,N/A,-0.43,1.03
17617534944,OH,100+ EPs,1,Not Eligible,CAT1,0.0,.,N/A,N/A,-0.31,.
17632131325,NM,100+ EPs,0,N/A,CAT2,-1.0%,.,N/A,N/A,.,.
17641159217,TX,100+ EPs,0,Not Eligible,CAT1,0.0,.,N/A,N/A,.,.
17650915880,AL,100+ EPs,1,Not Eligible,CAT1,0.0,.,N/A,N/A,-0.40,-0.37
17653680886,OH,100+ EPs,0,Not Eligible,CAT1,0.0,.,N/A,N/A,.,1.86
17684649040,KY,100+ EPs,1,Not Eligible,CAT1,0.0,.,N/A,N/A,-0.04,-0.89
17684760010,MD,100+ EPs,0,Not Eligible,CAT1,0.0,.,N/A,N/A,-0.25,-0.05
17685522383,OH,100+ EPs,1,Not Eligible,CAT1,0.0,.,N/A,N/A,0.06,0.44
17718277501,IL,100+ EPs,1,N/A,CAT2,-1.0%,.,N/A,N/A,-0.46,.
17723118728,PA,100+ EPs,0,Not Eligible,CAT1,0.0,.,N/A,N/A,-0.26,0.52
17728385080,PA,100+ EPs,0,Not Eligible,CAT1,0.0,.,N/A,N/A,0.12,-0.21
17736272644,MA,100+ EPs,0,Not Eligible,CAT1,0.0,.,N/A,N/A,0.07,0.87
17741899530,OH,100+ EPs,0,N/A,CAT2,-1.0%,.,N/A,N/A,-0.17,.
17772484373,MS,100+ EPs,0,Not Eligible,CAT1,0.0,.,N/A,N/A,0.63,-0.13
17773898614,MO,100+ EPs,0,Not Eligible,CAT1,0.0,.,N/A,N/A,-0.17,0.40
17774231776,CT,100+ EPs,0,N/A,CAT2,-1.0%,.,N/A,N/A,1.00,.
17778389656,MO,100+ EPs,0,Not Eligible,CAT1,0.0,.,N/A,N/A,.,.
17778496884,MI,100+ EPs,0,Not Eligible,CAT1,0.0,.,N/A,N/A,.,.
17792813338,MI,100+ EPs,0,N/A,CAT2,-1.0%,.,N/A,N/A,-0.01,.
17809040961,WI,100+ EPs,0,N/A,CAT2,-1.0%,.,N/A,N/A,-0.13,.
17824214224,UT,100+ EPs,1,Not Eligible,CAT1,0.0,.,N/A,N/A,-0.15,-1.88
17825375353,MD,100+ EPs,0,Not Eligible,CAT1,0.0,.,N/A,N/A,-1.06,-1.14
17848288086,MT,100+ EPs,0,N/A,CAT2,-1.0%,.,N/A,N/A,-0.49,.
17850155192,MN,100+ EPs,1,Not Eligible,CAT1,1.0xAF,.,Average,High,-0.07,1.34
17852102664,WA,100+ EPs,0,N/A,CAT2,-1.0%,.,N/A,N/A,.,.
17878957169,GA,100+ EPs,1,Not Eligible,CAT1,0.0,.,N/A,N/A,0.03,-0.10
17883710318,NC,100+ EPs,0,Not Eligible,CAT1,0.0,.,N/A,N/A,-0.04,0.05
17887650814,ND,100+ EPs,1,Not Eligible,CAT1,1.0xAF,.,Average,High,0.07,1.23
17896874610,NC,100+ EPs,0,Not Eligible,CAT1,0.0,.,N/A,N/A,0.02,0.59
17899060521,CO,100+ EPs,0,Not Eligible,CAT1,0.0,.,N/A,N/A,.,.
17902866148,WI,100+ EPs,1,Not Eligible,CAT1,0.0,.,N/A,N/A,-0.02,-0.01
17904993063,IL,100+ EPs,1,N/A,CAT2,-1.0%,.,N/A,N/A,-0.31,.
17916847963,NE,100+ EPs,1,Not Eligible,CAT1,0.0,.,N/A,N/A,-0.03,-0.14
17928886083,TX,100+ EPs,0,Not Eligible,CAT1,0.0,.,N/A,N/A,.,.
17933405491,OH,100+ EPs,0,N/A,CAT2,-1.0%,.,N/A,N/A,0.35,.
17938479266,UT,100+ EPs,0,Not Eligible,CAT1,0.0,.,N/A,N/A,.,.
17939448696,PA,100+ EPs,1,Not Eligible,CAT1,0.0,.,N/A,N/A,-0.11,-0.13
17957013554,PA,100+ EPs,1,Not Eligible,CAT1,0.0,.,N/A,N/A,0.59,-0.57
17966627106,TN,100+ EPs,0,Not Eligible,CAT1,0.0,.,N/A,N/A,-0.16,0.30
17972734982,NY,100+ EPs,0,N/A,CAT2,-1.0%,.,N/A,N/A,0.00,.
17978934345,WI,100+ EPs,0,Not Eligible,CAT1,0.0,.,N/A,N/A,-0.10,0.47
17979562625,IA,100+ EPs,1,Not Eligible,CAT1,0.0,.,Average,Average,-0.34,0.94
17986139913,MO,100+ EPs,0,N/A,CAT2,-1.0%,.,N/A,N/A,-0.13,.
17993309768,MA,100+ EPs,1,Not Eligible,CAT1,0.0,.,N/A,N/A,-0.24,-0.51
18005989440,MS,100+ EPs,1,Not Eligible,CAT1,0.0,.,Average,Average,0.17,-0.20
18019294976,VA,100+ EPs,0,N/A,CAT2,-1.0%,.,N/A,N/A,-0.04,.
18026260622,NY,100+ EPs,1,N/A,CAT2,-1.0%,.,N/A,N/A,-0.45,.
18032911983,MN,100+ EPs,0,Not Eligible,CAT1,0.0,.,N/A,N/A,-1.55,0.34
18046722430,WA,100+ EPs,0,Not Eligible,CAT1,0.0,.,N/A,N/A,.,.
18046794459,FL,100+ EPs,0,Not Eligible,CAT1,0.0,.,N/A,N/A,-1.65,1.58
18078768779,PA,100+ EPs,0,Not Eligible,CAT1,0.0,.,N/A,N/A,-0.15,0.17
18081892184,OR,100+ EPs,0,N/A,CAT2,-1.0%,.,N/A,N/A,0.34,.
18084975853,OK,100+ EPs,0,N/A,CAT2,-1.0%,.,N/A,N/A,0.01,.
18085145803,CA,100+ EPs,0,Not Eligible,CAT1,0.0,.,N/A,N/A,1.06,-4.78
18102759991,NY,100+ EPs,1,Not Eligible,CAT1,0.0,.,N/A,N/A,-1.04,0.60
18107573860,WA,100+ EPs,0,Not Eligible,CAT1,0.0,.,N/A,N/A,.,.
18123416160,WA,100+ EPs,1,Not Eligible,CAT1,0.0,.,N/A,N/A,-0.18,0.24
18125254083,WA,100+ EPs,0,Not Eligible,CAT1,0.0,.,N/A,N/A,-0.14,0.26
18139492082,TX,100+ EPs,0,Not Eligible,CAT1,0.0,.,N/A,N/A,-0.73,-0.21
18141043193,SD,100+ EPs,1,Not Eligible,CAT1,1.0xAF,.,Average,High,0.00,1.30
18145445168,NY,100+ EPs,0,Not Eligible,CAT1,0.0,.,N/A,N/A,-1.63,-1.65
18159468937,NC,100+ EPs,0,Not Eligible,CAT1,0.0,.,N/A,N/A,.,.
18179200024,NY,100+ EPs,0,N/A,CAT2,-1.0%,.,N/A,N/A,-0.46,.
18189873881,NV,100+ EPs,0,N/A,CAT2,-1.0%,.,N/A,N/A,0.24,.
18220178766,IA,100+ EPs,1,Not Eligible,CAT1,0.0,.,Average,Average,-0.28,0.71
18221204513,NY,100+ EPs,0,N/A,CAT2,-1.0%,.,N/A,N/A,-0.19,.
18225336235,AZ,100+ EPs,0,N/A,CAT2,-1.0%,.,N/A,N/A,-0.88,.
18226186440,GA,100+ EPs,0,Not Eligible,CAT1,0.0,.,N/A,N/A,-0.22,-0.32
18233647616,OH,100+ EPs,0,Not Eligible,CAT1,0.0,.,N/A,N/A,-0.66,0.85
18243813964,TX,100+ EPs,1,Not Eligible,CAT1,1.0xAF,.,Average,High,0.68,1.52
18250949348,OH,100+ EPs,0,N/A,CAT2,-1.0%,.,N/A,N/A,.,.
18251375977,CA,100+ EPs,1,Not Eligible,CAT1,0.0,.,N/A,N/A,-0.21,-0.82
18271715527,PA,100+ EPs,0,Not Eligible,CAT1,0.0,.,N/A,N/A,-0.02,0.58
18281395824,OH,100+ EPs,0,Not Eligible,CAT1,0.0,.,N/A,N/A,.,.
18287901759,NC,100+ EPs,0,Not Eligible,CAT1,0.0,.,N/A,N/A,-0.21,-0.27
18298081041,PA,100+ EPs,1,Not Eligible,CAT1,0.0,.,N/A,N/A,-0.10,-2.31
18299399931,NE,100+ EPs,0,Not Eligible,CAT1,0.0,.,N/A,N/A,-0.04,-0.25
18316843316,IL,100+ EPs,0,Not Eligible,CAT1,0.0,.,N/A,N/A,.,.
18325527578,NC,100+ EPs,0,Not Eligible,CAT1,0.0,.,Average,Average,-0.71,-0.34
18328416694,AR,100+ EPs,1,Not Eligible,CAT1,0.0,.,N/A,N/A,-0.28,-0.58
18331007780,OK,100+ EPs,1,Not Eligible,CAT1,0.0,.,N/A,N/A,0.00,0.10
18335465353,TN,100+ EPs,0,Not Eligible,CAT1,0.0,.,N/A,N/A,0.42,-0.53
18355215282,PA,100+ EPs,0,Not Eligible,CAT1,0.0,.,N/A,N/A,0.39,0.22
18367093133,FL,100+ EPs,0,N/A,CAT2,-1.0%,.,N/A,N/A,0.02,.
18368509796,DE,100+ EPs,0,Not Eligible,CAT1,0.0,.,N/A,N/A,.,.
18376411874,NY,100+ EPs,0,Not Eligible,CAT1,0.0,.,N/A,N/A,-1.31,0.48
18377767454,MI,100+ EPs,0,Not Eligible,CAT1,0.0,.,N/A,N/A,.,.
18393081692,WI,100+ EPs,0,N/A,CAT2,-1.0%,.,N/A,N/A,-1.54,.
18401025878,NY,100+ EPs,1,Not Eligible,CAT1,0.0,.,N/A,N/A,0.26,-0.02
18421326631,IA,100+ EPs,0,Not Eligible,CAT1,0.0,.,N/A,N/A,0.16,0.55
18433491846,CA,100+ EPs,1,Not Eligible,CAT1,0.0,.,N/A,N/A,4.35,-1.35
18435646281,TX,100+ EPs,1,Not Eligible,CAT1,0.0,.,N/A,N/A,0.13,0.53
18453678838,WI,100+ EPs,0,Not Eligible,CAT1,0.0,.,N/A,N/A,-0.27,0.01
18462497601,KY,100+ EPs,1,N/A,CAT2,-1.0%,.,N/A,N/A,-0.08,.
18473599928,DC,100+ EPs,0,N/A,CAT2,-1.0%,.,N/A,N/A,.,.
18473658550,CT,100+ EPs,0,Not Eligible,CAT1,0.0,.,N/A,N/A,0.43,0.40
18481345202,SC,100+ EPs,0,Not Eligible,CAT1,0.0,.,N/A,N/A,0.48,-0.99
18484236712,LA,100+ EPs,0,N/A,CAT2,-1.0%,.,N/A,N/A,.,.
18489292566,NH,100+ EPs,0,Not Eligible,CAT1,0.0,.,N/A,N/A,0.10,0.71
18489885055,TX,100+ EPs,0,N/A,CAT2,-1.0%,.,N/A,N/A,.,.
18498896381,NY,100+ EPs,0,Not Eligible,CAT1,0.0,.,N/A,N/A,2.77,-2.25
18501602565,OH,100+ EPs,0,N/A,CAT2,-1.0%,.,N/A,N/A,2.17,.
18507557117,MN,100+ EPs,0,Not Eligible,CAT1,0.0,.,N/A,N/A,0.00,0.81
18524379884,MD,100+ EPs,1,Not Eligible,CAT1,0.0,.,N/A,N/A,-0.30,0.17
18528489333,CA,100+ EPs,1,Not Eligible,CAT1,0.0,.,N/A,N/A,-0.06,0.23
18530857563,AZ,100+ EPs,0,N/A,CAT2,-1.0%,.,N/A,N/A,-1.02,.
18533478293,PA,100+ EPs,0,N/A,CAT2,-1.0%,.,N/A,N/A,0.47,.
18557201759,CA,100+ EPs,0,Not Eligible,CAT1,0.0,.,N/A,N/A,.,.
18571624322,IN,100+ EPs,1,Not Eligible,CAT1,0.0,.,N/A,N/A,0.91,-0.58
18591142008,WA,100+ EPs,0,Not Eligible,CAT1,0.0,.,N/A,N/A,.,.
18591650680,TX,100+ EPs,0,Not Eligible,CAT1,0.0,.,N/A,N/A,.,.
18601076451,KS,100+ EPs,1,Not Eligible,CAT1,0.0,.,N/A,N/A,5.62,-2.06
18627179004,SC,100+ EPs,0,N/A,CAT2,-1.0%,.,N/A,N/A,0.10,.
18632153717,NC,100+ EPs,0,Not Eligible,CAT1,0.0,.,N/A,N/A,.,.
18634944881,PA,100+ EPs,0,N/A,CAT2,-1.0%,.,N/A,N/A,0.02,.
18652886636,AR,100+ EPs,0,Not Eligible,CAT1,0.0,.,N/A,N/A,-0.10,-0.36
18657310337,IL,100+ EPs,0,N/A,CAT2,-1.0%,.,N/A,N/A,.,.
18657551452,MD,100+ EPs,0,Not Eligible,CAT1,0.0,.,N/A,N/A,0.02,0.33
18666425168,TN,100+ EPs,0,Not Eligible,CAT1,-0.5%,.,Average,Low,-0.27,-1.27
18678364129,NY,100+ EPs,0,N/A,CAT2,-1.0%,.,N/A,N/A,-2.13,.
18678775334,NY,100+ EPs,0,N/A,CAT2,-1.0%,.,N/A,N/A,-0.93,.
18681482300,MD,100+ EPs,0,Not Eligible,CAT1,0.0,.,N/A,N/A,-0.04,0.42
18692248631,TX,100+ EPs,0,Not Eligible,CAT1,0.0,.,N/A,N/A,2.23,-1.07
18698012025,UT,100+ EPs,0,N/A,CAT2,-1.0%,.,N/A,N/A,3.57,.
18705081846,OR,100+ EPs,0,Not Eligible,CAT1,0.0,.,N/A,N/A,0.04,0.35
18723632323,TN,100+ EPs,0,Not Eligible,CAT1,0.0,.,N/A,N/A,0.05,0.22
18725054899,IL,100+ EPs,0,Not Eligible,CAT1,0.0,.,N/A,N/A,0.09,-0.28
18735262425,TX,100+ EPs,0,Not Eligible,CAT1,0.0,.,N/A,N/A,-0.29,2.34
18743413216,CT,100+ EPs,0,N/A,CAT2,-1.0%,.,N/A,N/A,-2.06,.
18746633632,CA,100+ EPs,0,N/A,CAT2,-1.0%,.,N/A,N/A,-0.99,.
18767253970,WA,100+ EPs,0,Not Eligible,CAT1,0.0,.,N/A,N/A,0.03,.
18777397135,SC,100+ EPs,0,Not Eligible,CAT1,0.0,.,N/A,N/A,-0.04,-0.27
18786129804,VA,100+ EPs,0,Not Eligible,CAT1,0.0,.,N/A,N/A,-0.57,0.14
18801233456,MD,100+ EPs,0,Not Eligible,CAT1,0.0,.,N/A,N/A,-0.28,-0.70
18814159494,MS,100+ EPs,0,N/A,CAT2,-1.0%,.,N/A,N/A,0.11,.
18820960344,NC,100+ EPs,0,Not Eligible,CAT1,0.0,.,N/A,N/A,1.22,-0.05
18826263365,CO,100+ EPs,0,Not Eligible,CAT1,0.0,.,N/A,N/A,0.10,0.12
18828671635,IN,100+ EPs,0,Not Eligible,CAT1,0.0,.,N/A,N/A,0.06,0.16
18833622248,MT,100+ EPs,0,N/A,CAT2,-1.0%,.,N/A,N/A,-0.18,.
18840554263,FL,100+ EPs,0,N/A,CAT2,-1.0%,.,N/A,N/A,.,.
18847547830,PA,100+ EPs,0,Not Eligible,CAT1,0.0,.,N/A,N/A,.,.
18857885853,FL,100+ EPs,0,Not Eligible,CAT1,0.0,.,N/A,N/A,0.14,-0.59
18859917521,NC,100+ EPs,1,Not Eligible,CAT1,0.0,.,N/A,N/A,0.02,0.20
18862008724,FL,100+ EPs,1,Not Eligible,CAT1,0.0,.,N/A,N/A,.,.
18874897058,NM,100+ EPs,0,Not Eligible,CAT1,0.0,.,N/A,N/A,-0.79,-3.01
18878628022,PA,100+ EPs,1,Not Eligible,CAT1,1.0xAF,.,Average,High,-0.03,1.37
18893627603,MO,100+ EPs,0,Not Eligible,CAT1,0.0,.,N/A,N/A,-0.08,0.50
18907860082,TN,100+ EPs,0,N/A,CAT2,-1.0%,.,N/A,N/A,.,.
18913939744,MI,100+ EPs,1,Not Eligible,CAT1,0.0,.,N/A,N/A,-0.27,-0.11
18926304213,NY,100+ EPs,0,Not Eligible,CAT1,0.0,.,N/A,N/A,2.43,1.26
18973518817,MN,100+ EPs,1,Not Eligible,CAT1,0.0,.,N/A,N/A,-0.50,0.62
18975194806,IL,100+ EPs,0,N/A,CAT2,-1.0%,.,N/A,N/A,-0.57,.
18982520701,FL,100+ EPs,1,Not Eligible,CAT1,0.0,.,N/A,N/A,-0.26,-0.11
19002206917,AZ,100+ EPs,0,Not Eligible,CAT1,0.0,.,N/A,N/A,0.38,.
19018307633,AZ,100+ EPs,0,N/A,CAT2,-1.0%,.,N/A,N/A,-0.54,.
19025356245,FL,100+ EPs,0,N/A,CAT2,-1.0%,.,N/A,N/A,-0.21,.
19046179785,GA,100+ EPs,1,Not Eligible,CAT1,0.0,.,N/A,N/A,0.18,0.62
19057569159,VA,100+ EPs,0,Not Eligible,CAT1,0.0,.,Average,Average,-0.50,0.50
19062525311,PA,100+ EPs,1,N/A,CAT2,-1.0%,.,N/A,N/A,.,.
19065469608,IN,100+ EPs,0,Not Eligible,CAT1,0.0,.,N/A,N/A,-0.06,-0.83
19067553889,OR,100+ EPs,1,Not Eligible,CAT1,0.0,.,Average,Average,-0.24,0.57
19088815725,SC,100+ EPs,1,Not Eligible,CAT1,0.0,.,N/A,N/A,-0.13,-0.34
19099197972,NE,100+ EPs,0,N/A,CAT2,-1.0%,.,N/A,N/A,-0.50,.
19122538915,AZ,100+ EPs,0,Not Eligible,CAT1,0.0,.,N/A,N/A,-1.34,-3.63
19130682756,KY,100+ EPs,0,Not Eligible,CAT1,0.0,.,Average,Average,-0.19,-0.59
19145884492,TX,100+ EPs,0,N/A,CAT2,-1.0%,.,N/A,N/A,7.71,.
19147512202,PA,100+ EPs,1,Not Eligible,CAT1,-0.5%,.,High,Average,3.02,-0.87
19160410901,NH,100+ EPs,0,N/A,CAT2,-1.0%,.,N/A,N/A,-0.18,.
19162397796,CT,100+ EPs,0,N/A,CAT2,-1.0%,.,N/A,N/A,-0.43,.
19179166469,FL,100+ EPs,0,Not Eligible,CAT1,0.0,.,N/A,N/A,-0.68,-2.72
19194163768,WI,100+ EPs,0,N/A,CAT2,-1.0%,.,N/A,N/A,-1.07,.
19194226053,MO,100+ EPs,0,Not Eligible,CAT1,0.0,.,N/A,N/A,.,.
19208338111,PA,100+ EPs,0,N/A,CAT2,-1.0%,.,N/A,N/A,-1.45,.
19217499790,FL,100+ EPs,0,Not Eligible,CAT1,0.0,.,N/A,N/A,2.77,-0.39
19221766120,IL,100+ EPs,0,Not Eligible,CAT1,0.0,.,N/A,N/A,0.63,-0.05
19233435140,NY,100+ EPs,0,N/A,CAT2,-1.0%,.,N/A,N/A,-0.31,.
19261810993,TX,100+ EPs,0,Not Eligible,CAT1,0.0,.,N/A,N/A,.,.
19266508102,TN,100+ EPs,0,Not Eligible,CAT1,0.0,.,N/A,N/A,-0.63,-4.39
19273734826,CA,100+ EPs,0,N/A,CAT2,-1.0%,.,N/A,N/A,.,.
19278940898,MD,100+ EPs,0,Not Eligible,CAT1,0.0,.,N/A,N/A,.,.
19290262942,NM,100+ EPs,1,Not Eligible,CAT1,0.0,.,Average,Average,-0.53,0.70
19292017468,KY,100+ EPs,1,Not Eligible,CAT1,0.0,.,Average,Average,0.25,-0.17
19298151452,TX,100+ EPs,0,N/A,CAT2,-1.0%,.,N/A,N/A,-0.10,.
19298844793,CA,100+ EPs,0,Not Eligible,CAT1,0.0,.,N/A,N/A,-1.21,-0.11
19307357438,MN,100+ EPs,0,Not Eligible,CAT1,0.0,.,N/A,N/A,.,.
19320930228,MI,100+ EPs,1,Not Eligible,CAT1,0.0,.,N/A,N/A,-0.11,0.84
19364651837,PA,100+ EPs,0,N/A,CAT2,-1.0%,.,N/A,N/A,0.11,.
19379474304,CO,100+ EPs,0,Not Eligible,CAT1,0.0,.,N/A,N/A,-0.42,0.51
19392424633,MD,100+ EPs,0,N/A,CAT2,-1.0%,.,N/A,N/A,1.06,.
19395510738,CA,100+ EPs,1,Not Eligible,CAT1,1.0xAF,.,Average,High,-0.48,1.34
19406586277,NH,100+ EPs,1,Not Eligible,CAT1,0.0,.,N/A,N/A,-0.20,.
19421809450,CA,100+ EPs,0,N/A,CAT2,-1.0%,.,N/A,N/A,-1.12,.
19422198773,MO,100+ EPs,0,N/A,CAT2,-1.0%,.,N/A,N/A,-0.55,.
19422389906,AZ,100+ EPs,0,Not Eligible,CAT1,0.0,.,N/A,N/A,.,.
19426532893,PA,100+ EPs,0,Not Eligible,CAT1,0.0,.,N/A,N/A,-0.38,1.06
19427517652,CA,100+ EPs,1,Not Eligible,CAT1,0.0,.,N/A,N/A,-0.65,0.16
19457460241,OH,100+ EPs,0,N/A,CAT2,-1.0%,.,N/A,N/A,0.59,.
19474560134,GA,100+ EPs,0,Not Eligible,CAT1,0.0,.,N/A,N/A,0.11,-0.09
19496640891,PA,100+ EPs,1,Not Eligible,CAT1,0.0,.,N/A,N/A,-1.38,-0.60
19508208453,ME,100+ EPs,0,Not Eligible,CAT1,1.0xAF,.,Low,Average,-1.40,0.68
19527046028,MN,100+ EPs,1,Not Eligible,CAT1,0.0,.,Average,Average,-0.30,0.89
19538911404,NC,100+ EPs,0,Not Eligible,CAT1,0.0,.,N/A,N/A,-0.36,0.58
19550413312,MI,100+ EPs,0,N/A,CAT2,-1.0%,0.0,N/A,N/A,-0.01,.
19580090851,NY,100+ EPs,0,Not Eligible,CAT1,0.0,.,N/A,N/A,-0.21,-1.09
19580531097,FL,100+ EPs,0,Not Eligible,CAT1,0.0,.,N/A,N/A,0.08,0.04
19582009504,OH,100+ EPs,0,N/A,CAT2,-1.0%,.,N/A,N/A,0.26,.
19589802564,CA,100+ EPs,0,Not Eligible,CAT1,0.0,.,N/A,N/A,.,.
19599388397,CA,100+ EPs,0,N/A,CAT2,-1.0%,.,N/A,N/A,-0.80,.
19602609695,TX,100+ EPs,0,Not Eligible,CAT1,0.0,.,N/A,N/A,.,.
19617070679,FL,100+ EPs,0,N/A,CAT2,-1.0%,.,N/A,N/A,-1.21,.
19617539357,NC,100+ EPs,0,Not Eligible,CAT1,0.0,.,N/A,N/A,0.10,-0.62
19624042797,MA,100+ EPs,0,N/A,CAT2,-1.0%,.,N/A,N/A,0.16,.
19636782899,MA,100+ EPs,0,Not Eligible,CAT1,0.0,.,N/A,N/A,-1.26,-1.12
19651962250,WV,100+ EPs,0,N/A,CAT2,-1.0%,.,N/A,N/A,0.16,.
19657677051,FL,100+ EPs,0,N/A,CAT2,-1.0%,.,N/A,N/A,.,.
19681670237,WI,100+ EPs,0,Not Eligible,CAT1,0.0,.,N/A,N/A,-0.14,0.30
19696489134,FL,100+ EPs,1,Not Eligible,CAT1,0.0,.,N/A,N/A,0.21,0.06
19707059166,IL,100+ EPs,1,Not Eligible,CAT1,0.0,.,N/A,N/A,0.07,0.19
19728653663,ND,100+ EPs,1,Not Eligible,CAT1,0.0,.,Average,Average,-0.19,0.76
19737319769,CT,100+ EPs,0,Not Eligible,CAT1,0.0,.,N/A,N/A,0.07,0.07
19737972496,MD,100+ EPs,0,Not Eligible,CAT1,0.0,.,N/A,N/A,.,.
19747130025,MI,100+ EPs,1,Not Eligible,CAT1,0.0,.,Average,Average,0.09,-0.98
19749794406,IA,100+ EPs,0,N/A,CAT2,-1.0%,.,N/A,N/A,-0.25,.
19755617743,OH,100+ EPs,0,Not Eligible,CAT1,0.0,.,N/A,N/A,0.01,-0.36
19767093150,SC,100+ EPs,0,N/A,CAT2,-1.0%,.,N/A,N/A,-0.50,.
19809382923,MI,100+ EPs,0,N/A,CAT2,-1.0%,.,N/A,N/A,0.44,.
19831321006,IL,100+ EPs,0,Not Eligible,CAT1,0.0,.,N/A,N/A,.,.
19845771223,WI,100+ EPs,0,Not Eligible,CAT1,0.0,.,N/A,N/A,-0.14,0.63
19871364561,WA,100+ EPs,1,Not Eligible,CAT1,0.0,.,N/A,N/A,-0.89,-0.19
19874732436,PA,100+ EPs,0,Not Eligible,CAT1,0.0,.,N/A,N/A,0.09,0.51
19895119091,OK,100+ EPs,0,Not Eligible,CAT1,0.0,.,N/A,N/A,.,.
19915733071,PA,100+ EPs,0,N/A,CAT2,-1.0%,.,N/A,N/A,0.42,.
19922608009,KY,100+ EPs,0,Not Eligible,CAT1,0.0,.,N/A,N/A,-0.18,-0.97
19954570732,CA,100+ EPs,1,Not Eligible,CAT1,0.0,.,N/A,N/A,-0.22,0.69
19957383349,TX,100+ EPs,0,Not Eligible,CAT1,0.0,.,N/A,N/A,-0.10,-2.04
19983301777,NC,100+ EPs,0,Not Eligible,CAT1,0.0,.,N/A,N/A,-0.12,0.75
19988439446,NC,100+ EPs,0,Not Eligible,CAT1,0.0,.,N/A,N/A,.,.
19995860497,CA,100+ EPs,0,N/A,CAT2,-1.0%,.,N/A,N/A,-1.06,.
